--
-- Fichier généré par SQLiteStudio v3.2.1 sur ven. nov. 26 00:02:51 2021
--
-- Encodage texte utilisé : UTF-8
--
PRAGMA foreign_keys = off;
BEGIN TRANSACTION;

-- Table : articles
CREATE TABLE `articles` (`id` integer not null primary key autoincrement, `title` varchar(255), `description` text, `content` text, `slug` varchar(255), `category` integer null, `author` integer null, `published_at` datetime null, `created_by` integer null, `updated_by` integer null, `created_at` datetime null default CURRENT_TIMESTAMP, `updated_at` datetime null default CURRENT_TIMESTAMP);
INSERT INTO articles (id, title, description, content, slug, category, author, published_at, created_by, updated_by, created_at, updated_at) VALUES (1, 'The internet''s Own boy', 'Follow the story of Aaron Swartz, the boy who could change the world', '# The Story of Aaron Swartz

Aaron Hillel Swartz (November 8, 1986 – January 11, 2013) was an American computer programmer, entrepreneur, writer, political organizer, and Internet hacktivist. He was involved in the development of the web feed format RSS, the Markdown publishing format, the organization Creative Commons, and the website framework web.py, and was a co-founder of the social news site [Reddit](https://reddit.com). He was given the title of co-founder of Reddit by Y Combinator owner [Paul Graham](https://en.wikipedia.org/wiki/Paul_Graham_(programmer)) after the formation of Not a Bug, Inc. (a merger of Swartz''s project Infogami and Redbrick Solutions, a company run by Alexis Ohanian and Steve Huffman).

xxxSwartz''s work also focused on civic awareness and activism. He helped launch the Progressive Change Campaign Committee in 2009 to learn more about effective online activism. In 2010, he became a research fellow at Harvard University''s Safra Research Lab on Institutional Corruption, directed by Lawrence Lessig. He founded the online group Demand Progress, known for its campaign against the Stop Online Piracy Act.


<iframe width="560" height="315" src="https://www.youtube.com/embed/PFQGjEJ9PEc" frameborder="0" allow="accelerometer; autoplay; encrypted-media; gyroscope; picture-in-picture" allowfullscreen></iframe>


In 2011, Swartz was arrested by Massachusetts Institute of Technology (MIT) police on state breaking-and-entering charges, after connecting a computer to the MIT network in an unmarked and unlocked closet, and setting it to download academic journal articles systematically from JSTOR using a guest user account issued to him by MIT. Federal prosecutors later charged him with two counts of wire fraud and eleven violations of the Computer Fraud and Abuse Act,[14] carrying a cumulative maximum penalty of $1 million in fines, 35 years in prison, asset forfeiture, restitution, and supervised release.

Swartz declined a plea bargain under which he would have served six months in federal prison. Two days after the prosecution rejected a counter-offer by Swartz, he was found dead in his Brooklyn apartment, where he had hanged himself.

In 2013, Swartz was inducted posthumously into the [Internet Hall of Fame](https://www.internethalloffame.org//).', 'the-internet-s-own-boy', 5, 1, 1635462659089, 1, 1, 1635462529886, 1635970362590);
INSERT INTO articles (id, title, description, content, slug, category, author, published_at, created_by, updated_by, created_at, updated_at) VALUES (2, 'What''s inside a Black Hole', 'Maybe the answer is in this article, or not...', 'Well, we don''t know yet...', 'what-s-inside-a-black-hole', 1, 2, 1635462682577, 1, 1, 1635462529909, 1635970596621);
INSERT INTO articles (id, title, description, content, slug, category, author, published_at, created_by, updated_by, created_at, updated_at) VALUES (3, 'This shrimp is awesome', 'Mantis shrimps, or stomatopods, are marine crustaceans of the order Stomatopoda. Some species have specialised calcified "clubs" that can strike with great power, while others have sharp forelimbs used to capture prey.', '# Badass

Mantis shrimps, or stomatopods, are marine crustaceans of the order Stomatopoda. Some species have specialised calcified "*clubs*" that can strike with **great power**, while others have sharp forelimbs used to capture prey. They branched from other members of the class Malacostraca around 340 million years ago. Mantis shrimps typically grow to around 10 cm (3.9 in) in length. A few can reach up to 38 cm (15 in). The largest mantis shrimp ever caught had a length of 46 cm (18 in); it was caught in the Indian River near Fort Pierce, Florida, in the United States. A mantis shrimp''s carapace (the bony, thick shell that covers crustaceans and some other species) covers only the rear part of the head and the first four segments of the thorax. Varieties range in color from shades of brown to vivid colors, with more than 450 species of mantis shrimps being known. They are among the most important predators in many shallow, tropical and subtropical marine habitats. However, despite being common, they are poorly understood, as many species spend most of their lives tucked away in burrows and holes.

Called "sea locusts" by ancient Assyrians, "prawn killers" in Australia, and now sometimes referred to as "thumb splitters"—because of the animal''s ability to inflict painful gashes if handled incautiously—mantis shrimps have powerful claws that are used to attack and kill prey by spearing, stunning, or dismembering.

<iframe width="560" height="315" src="https://www.youtube.com/embed/CW8NUCPLE1c" frameborder="0" allow="accelerometer; autoplay; encrypted-media; gyroscope; picture-in-picture" allowfullscreen></iframe>

Mantis shrimps have, like mantis, ravishing legs. But theirs are so resilient that they inspire the military to make the armor of the future. Above all, their speed and striking power are the responsibility of the superpowers. As the comic book The Oatmeal recounts, the squid''s ravishing legs move at the speed of a bullet fired by a 22 caliber and can strike a prey in 1/3000 of a second, with a force of 1,500 Newtons. One tenth of that speed, deployed by a human arm, "would be enough to send a baseball into orbit."

A speed such as it boils water around ravishing legs and creates a shock wave capable of killing a prey missed by the strike.

Kept in an aquarium, crustaceans make carnage by dismembering and devouring crabs, shrimps, octopuses, snails and shells (whose shells they break). They would even be able to break the windows of overly fragile aquariums.', 'this-shrimp-is-awesome', 4, 1, 1635462664545, 1, 1, 1635462529933, 1635970656888);
INSERT INTO articles (id, title, description, content, slug, category, author, published_at, created_by, updated_by, created_at, updated_at) VALUES (4, 'A bug is becoming a meme on the internet', 'How a bug on MySQL is becoming a meme on the internet', 'It''s the story of a user named **Omer Barnir** who reported a bug in 2005 on the MySQL [bug report platform](https://bugs.mysql.com/)

But the thing is that Omer never got an answer. 15 years later, the bug has never been fix and people are starting to make fun out of it. We let you take a look at the conversation [here](https://bugs.mysql.com/bug.php?id=11472), it''s pretty funny', 'a-bug-is-becoming-a-meme-on-the-internet', 2, 2, 1635462647823, 1, 1, 1635462529953, 1635970064586);
INSERT INTO articles (id, title, description, content, slug, category, author, published_at, created_by, updated_by, created_at, updated_at) VALUES (5, 'Beautiful picture', 'Description of a beautiful picture', 'This is an empty blog post with a beautiful picture', 'beautiful-picture', 4, 2, 1635462653564, 1, 1, 1635462529971, 1635970084753);
INSERT INTO articles (id, title, description, content, slug, category, author, published_at, created_by, updated_by, created_at, updated_at) VALUES (6, 'We love Pizza', 'Pizza is so delicious, specially four cheese pizza', 'We love pizza at Strapi, what about you?', 'we-love-pizza', 3, 1, 1635462670248, 1, 1, 1635462529994, 1635970629813);

-- Table : categories
CREATE TABLE `categories` (`id` integer not null primary key autoincrement, `name` varchar(255), `slug` varchar(255), `published_at` datetime null, `created_by` integer null, `updated_by` integer null, `created_at` datetime null default CURRENT_TIMESTAMP, `updated_at` datetime null default CURRENT_TIMESTAMP);
INSERT INTO categories (id, name, slug, published_at, created_by, updated_by, created_at, updated_at) VALUES (1, 'news', 'news', 1635462623847, 1, 1, 1635462557638, 1635462623866);
INSERT INTO categories (id, name, slug, published_at, created_by, updated_by, created_at, updated_at) VALUES (2, 'tech', 'tech', 1635462636177, 1, 1, 1635462557666, 1635462636193);
INSERT INTO categories (id, name, slug, published_at, created_by, updated_by, created_at, updated_at) VALUES (3, 'food', 'food', 1635462608364, 1, 1, 1635462557697, 1635462608379);
INSERT INTO categories (id, name, slug, published_at, created_by, updated_by, created_at, updated_at) VALUES (4, 'nature', 'nature', 1635462616476, 1, 1, 1635462557722, 1635462616491);
INSERT INTO categories (id, name, slug, published_at, created_by, updated_by, created_at, updated_at) VALUES (5, 'story', 'story', 1635462630495, 1, 1, 1635462557755, 1635462630520);

-- Table : components_elements_features
CREATE TABLE `components_elements_features` (`id` integer not null primary key autoincrement, `name` varchar(255) null);
INSERT INTO components_elements_features (id, name) VALUES (1, 'A cool feature');
INSERT INTO components_elements_features (id, name) VALUES (2, 'Another cool feature');
INSERT INTO components_elements_features (id, name) VALUES (3, 'Some other cool feature');
INSERT INTO components_elements_features (id, name) VALUES (4, 'The coolest feature');
INSERT INTO components_elements_features (id, name) VALUES (5, 'Nice feature');
INSERT INTO components_elements_features (id, name) VALUES (6, 'Fun feature');
INSERT INTO components_elements_features (id, name) VALUES (7, 'Amazing feature');
INSERT INTO components_elements_features (id, name) VALUES (8, 'Wow effect feature');
INSERT INTO components_elements_features (id, name) VALUES (9, 'Mesmerizing feature');
INSERT INTO components_elements_features (id, name) VALUES (10, 'Voilà une feature');
INSERT INTO components_elements_features (id, name) VALUES (11, 'Une autre');
INSERT INTO components_elements_features (id, name) VALUES (12, 'Encore une autre');
INSERT INTO components_elements_features (id, name) VALUES (13, 'Fonctionnalité 1');
INSERT INTO components_elements_features (id, name) VALUES (14, 'Fonctionnalité 2');
INSERT INTO components_elements_features (id, name) VALUES (15, 'Fonctionnalité 3');
INSERT INTO components_elements_features (id, name) VALUES (16, 'Fonctionnalité 1');
INSERT INTO components_elements_features (id, name) VALUES (17, 'Fonctionnalité 3');
INSERT INTO components_elements_features (id, name) VALUES (18, 'Fonctionnalité 2');

-- Table : components_elements_logos
CREATE TABLE `components_elements_logos` (`id` integer not null primary key autoincrement, `title` varchar(255) null);
INSERT INTO components_elements_logos (id, title) VALUES (4, 'Strapi');
INSERT INTO components_elements_logos (id, title) VALUES (5, 'Strapi 2');
INSERT INTO components_elements_logos (id, title) VALUES (6, 'Strapi 3');

-- Table : components_elements_notification_banners
CREATE TABLE `components_elements_notification_banners` (`id` integer not null primary key autoincrement, `text` text null, `type` varchar(255));
INSERT INTO components_elements_notification_banners (id, text, type) VALUES (1, 'This page was built using the Strapi starter for Corporate Sites.
[View other Strapi starters](https://strapi.io/starters)', 'info');
INSERT INTO components_elements_notification_banners (id, text, type) VALUES (2, 'Cette page a été crée avec le Strapi starter pour les sites Corporate.
 [Voir les autres starters Strapi](https://strapi.io/starters)', 'info');

-- Table : components_elements_plans
CREATE TABLE `components_elements_plans` (`id` integer not null primary key autoincrement, `name` varchar(255) null, `description` text null, `isRecommended` boolean null, `price` float null, `pricePeriod` varchar(255) null);
INSERT INTO components_elements_plans (id, name, description, isRecommended, price, pricePeriod) VALUES (1, 'Hobby', 'Perfect for side projects', NULL, 0.0, 'forever');
INSERT INTO components_elements_plans (id, name, description, isRecommended, price, pricePeriod) VALUES (2, 'Premium', 'A more advanced plan for SMBs', 1, 20.0, 'per month');
INSERT INTO components_elements_plans (id, name, description, isRecommended, price, pricePeriod) VALUES (3, 'Enterprise', 'For large companies needs', NULL, 299.0, 'per month');
INSERT INTO components_elements_plans (id, name, description, isRecommended, price, pricePeriod) VALUES (4, 'Hobby', 'Parfait pour des projets personnels', NULL, 0.0, 'toujours');
INSERT INTO components_elements_plans (id, name, description, isRecommended, price, pricePeriod) VALUES (5, 'Premium', 'Un plan plus avancé', 1, 20.0, 'par mois');
INSERT INTO components_elements_plans (id, name, description, isRecommended, price, pricePeriod) VALUES (6, 'Entreprise', 'Pour les besoin des grands entreprises', NULL, 299.0, 'par mois');

-- Table : components_elements_plans_components
CREATE TABLE `components_elements_plans_components` (`id` integer not null primary key autoincrement, `field` varchar(255) not null, `order` integer not null, `component_type` varchar(255) not null, `component_id` integer not null, `components_elements_plan_id` integer not null, constraint `components_elements_plan_id_fk` foreign key(`components_elements_plan_id`) references `components_elements_plans`(`id`) on delete CASCADE);
INSERT INTO components_elements_plans_components (id, field, "order", component_type, component_id, components_elements_plan_id) VALUES (1, 'features', 1, 'components_elements_features', 1, 1);
INSERT INTO components_elements_plans_components (id, field, "order", component_type, component_id, components_elements_plan_id) VALUES (2, 'features', 2, 'components_elements_features', 2, 1);
INSERT INTO components_elements_plans_components (id, field, "order", component_type, component_id, components_elements_plan_id) VALUES (3, 'features', 3, 'components_elements_features', 3, 1);
INSERT INTO components_elements_plans_components (id, field, "order", component_type, component_id, components_elements_plan_id) VALUES (4, 'features', 1, 'components_elements_features', 4, 2);
INSERT INTO components_elements_plans_components (id, field, "order", component_type, component_id, components_elements_plan_id) VALUES (5, 'features', 2, 'components_elements_features', 5, 2);
INSERT INTO components_elements_plans_components (id, field, "order", component_type, component_id, components_elements_plan_id) VALUES (6, 'features', 3, 'components_elements_features', 6, 2);
INSERT INTO components_elements_plans_components (id, field, "order", component_type, component_id, components_elements_plan_id) VALUES (7, 'features', 1, 'components_elements_features', 7, 3);
INSERT INTO components_elements_plans_components (id, field, "order", component_type, component_id, components_elements_plan_id) VALUES (8, 'features', 3, 'components_elements_features', 9, 3);
INSERT INTO components_elements_plans_components (id, field, "order", component_type, component_id, components_elements_plan_id) VALUES (9, 'features', 2, 'components_elements_features', 8, 3);
INSERT INTO components_elements_plans_components (id, field, "order", component_type, component_id, components_elements_plan_id) VALUES (10, 'features', 1, 'components_elements_features', 10, 4);
INSERT INTO components_elements_plans_components (id, field, "order", component_type, component_id, components_elements_plan_id) VALUES (11, 'features', 2, 'components_elements_features', 11, 4);
INSERT INTO components_elements_plans_components (id, field, "order", component_type, component_id, components_elements_plan_id) VALUES (12, 'features', 3, 'components_elements_features', 12, 4);
INSERT INTO components_elements_plans_components (id, field, "order", component_type, component_id, components_elements_plan_id) VALUES (13, 'features', 1, 'components_elements_features', 13, 5);
INSERT INTO components_elements_plans_components (id, field, "order", component_type, component_id, components_elements_plan_id) VALUES (14, 'features', 2, 'components_elements_features', 14, 5);
INSERT INTO components_elements_plans_components (id, field, "order", component_type, component_id, components_elements_plan_id) VALUES (15, 'features', 3, 'components_elements_features', 15, 5);
INSERT INTO components_elements_plans_components (id, field, "order", component_type, component_id, components_elements_plan_id) VALUES (16, 'features', 1, 'components_elements_features', 16, 6);
INSERT INTO components_elements_plans_components (id, field, "order", component_type, component_id, components_elements_plan_id) VALUES (17, 'features', 3, 'components_elements_features', 17, 6);
INSERT INTO components_elements_plans_components (id, field, "order", component_type, component_id, components_elements_plan_id) VALUES (18, 'features', 2, 'components_elements_features', 18, 6);

-- Table : components_layout_banners
CREATE TABLE `components_layout_banners` (`id` integer not null primary key autoincrement, `Title` varchar(255) null, `Subtitle` varchar(255) null);
INSERT INTO components_layout_banners (id, Title, Subtitle) VALUES (1, 'Buy & Sell', 'What''s Now & Next');

-- Table : components_layout_footers
CREATE TABLE `components_layout_footers` (`id` integer not null primary key autoincrement, `smallText` varchar(255) null);
INSERT INTO components_layout_footers (id, smallText) VALUES (1, '© Copyright My Company™');
INSERT INTO components_layout_footers (id, smallText) VALUES (2, '© Copyright Mon Entreprise™');

-- Table : components_layout_footers_components
CREATE TABLE `components_layout_footers_components` (`id` integer not null primary key autoincrement, `field` varchar(255) not null, `order` integer not null, `component_type` varchar(255) not null, `component_id` integer not null, `components_layout_footer_id` integer not null, constraint `components_layout_footer_id_fk` foreign key(`components_layout_footer_id`) references `components_layout_footers`(`id`) on delete CASCADE);
INSERT INTO components_layout_footers_components (id, field, "order", component_type, component_id, components_layout_footer_id) VALUES (1, 'columns', 2, 'components_links_footer_sections', 2, 1);
INSERT INTO components_layout_footers_components (id, field, "order", component_type, component_id, components_layout_footer_id) VALUES (2, 'columns', 3, 'components_links_footer_sections', 4, 1);
INSERT INTO components_layout_footers_components (id, field, "order", component_type, component_id, components_layout_footer_id) VALUES (3, 'columns', 1, 'components_links_footer_sections', 1, 1);
INSERT INTO components_layout_footers_components (id, field, "order", component_type, component_id, components_layout_footer_id) VALUES (4, 'columns', 4, 'components_links_footer_sections', 3, 1);
INSERT INTO components_layout_footers_components (id, field, "order", component_type, component_id, components_layout_footer_id) VALUES (5, 'columns', 4, 'components_links_footer_sections', 8, 2);
INSERT INTO components_layout_footers_components (id, field, "order", component_type, component_id, components_layout_footer_id) VALUES (6, 'columns', 1, 'components_links_footer_sections', 5, 2);
INSERT INTO components_layout_footers_components (id, field, "order", component_type, component_id, components_layout_footer_id) VALUES (7, 'columns', 3, 'components_links_footer_sections', 7, 2);
INSERT INTO components_layout_footers_components (id, field, "order", component_type, component_id, components_layout_footer_id) VALUES (8, 'columns', 2, 'components_links_footer_sections', 6, 2);

-- Table : components_layout_navbars
CREATE TABLE `components_layout_navbars` (`id` integer not null primary key autoincrement);
INSERT INTO components_layout_navbars (id) VALUES (1);
INSERT INTO components_layout_navbars (id) VALUES (2);

-- Table : components_layout_navbars_components
CREATE TABLE `components_layout_navbars_components` (`id` integer not null primary key autoincrement, `field` varchar(255) not null, `order` integer not null, `component_type` varchar(255) not null, `component_id` integer not null, `components_layout_navbar_id` integer not null, constraint `components_layout_navbar_id_fk` foreign key(`components_layout_navbar_id`) references `components_layout_navbars`(`id`) on delete CASCADE);
INSERT INTO components_layout_navbars_components (id, field, "order", component_type, component_id, components_layout_navbar_id) VALUES (3, 'button', 1, 'components_links_buttons', 1, 1);
INSERT INTO components_layout_navbars_components (id, field, "order", component_type, component_id, components_layout_navbar_id) VALUES (4, 'links', 1, 'components_links_links', 11, 2);
INSERT INTO components_layout_navbars_components (id, field, "order", component_type, component_id, components_layout_navbar_id) VALUES (5, 'links', 2, 'components_links_links', 12, 2);
INSERT INTO components_layout_navbars_components (id, field, "order", component_type, component_id, components_layout_navbar_id) VALUES (6, 'button', 1, 'components_links_buttons', 2, 2);
INSERT INTO components_layout_navbars_components (id, field, "order", component_type, component_id, components_layout_navbar_id) VALUES (7, 'links', 4, 'components_links_links', 28, 1);
INSERT INTO components_layout_navbars_components (id, field, "order", component_type, component_id, components_layout_navbar_id) VALUES (8, 'links', 1, 'components_links_links', 27, 1);
INSERT INTO components_layout_navbars_components (id, field, "order", component_type, component_id, components_layout_navbar_id) VALUES (9, 'links', 2, 'components_links_links', 30, 1);
INSERT INTO components_layout_navbars_components (id, field, "order", component_type, component_id, components_layout_navbar_id) VALUES (10, 'links', 3, 'components_links_links', 29, 1);

-- Table : components_links_buttons
CREATE TABLE `components_links_buttons` (`id` integer not null primary key autoincrement, `url` varchar(255) null, `newTab` boolean null, `text` varchar(255) null, `type` varchar(255) null);
INSERT INTO components_links_buttons (id, url, newTab, text, type) VALUES (1, '#', 0, 'SELL', 'secondary');
INSERT INTO components_links_buttons (id, url, newTab, text, type) VALUES (2, '#', 0, 'S''inscrire', 'secondary');
INSERT INTO components_links_buttons (id, url, newTab, text, type) VALUES (7, '#', 0, 'Send an email', 'primary');
INSERT INTO components_links_buttons (id, url, newTab, text, type) VALUES (8, '#', 0, 'DM us on Twitter', 'secondary');
INSERT INTO components_links_buttons (id, url, newTab, text, type) VALUES (9, 'https://github.com/strapi/strapi-template-corporate', 0, 'Commencer', 'primary');
INSERT INTO components_links_buttons (id, url, newTab, text, type) VALUES (10, 'https://github.com/strapi/strapi-template-corporate', 0, 'Commencer', 'primary');
INSERT INTO components_links_buttons (id, url, newTab, text, type) VALUES (11, 'https://github.com/strapi/strapi-template-corporate', 0, 'Voir le code', 'secondary');
INSERT INTO components_links_buttons (id, url, newTab, text, type) VALUES (12, 'https://github.com/strapi/strapi-template-corporate', 1, 'Voir le code', 'secondary');
INSERT INTO components_links_buttons (id, url, newTab, text, type) VALUES (13, '#', 0, 'Envoyer un mail', 'primary');
INSERT INTO components_links_buttons (id, url, newTab, text, type) VALUES (14, '#', 0, 'DM nous sur Twitter', 'secondary');

-- Table : components_links_footer_sections
CREATE TABLE `components_links_footer_sections` (`id` integer not null primary key autoincrement, `title` varchar(255) null);
INSERT INTO components_links_footer_sections (id, title) VALUES (1, 'Product');
INSERT INTO components_links_footer_sections (id, title) VALUES (2, 'Legal');
INSERT INTO components_links_footer_sections (id, title) VALUES (3, 'Social');
INSERT INTO components_links_footer_sections (id, title) VALUES (4, 'Company');
INSERT INTO components_links_footer_sections (id, title) VALUES (5, 'Produit');
INSERT INTO components_links_footer_sections (id, title) VALUES (6, 'Légal');
INSERT INTO components_links_footer_sections (id, title) VALUES (7, 'Entreprise');
INSERT INTO components_links_footer_sections (id, title) VALUES (8, 'Réseaux sociaux');

-- Table : components_links_footer_sections_components
CREATE TABLE `components_links_footer_sections_components` (`id` integer not null primary key autoincrement, `field` varchar(255) not null, `order` integer not null, `component_type` varchar(255) not null, `component_id` integer not null, `components_links_footer_section_id` integer not null, constraint `components_links_footer_section_id_fk` foreign key(`components_links_footer_section_id`) references `components_links_footer_sections`(`id`) on delete CASCADE);
INSERT INTO components_links_footer_sections_components (id, field, "order", component_type, component_id, components_links_footer_section_id) VALUES (1, 'links', 1, 'components_links_links', 3, 1);
INSERT INTO components_links_footer_sections_components (id, field, "order", component_type, component_id, components_links_footer_section_id) VALUES (2, 'links', 2, 'components_links_links', 6, 2);
INSERT INTO components_links_footer_sections_components (id, field, "order", component_type, component_id, components_links_footer_section_id) VALUES (3, 'links', 1, 'components_links_links', 4, 2);
INSERT INTO components_links_footer_sections_components (id, field, "order", component_type, component_id, components_links_footer_section_id) VALUES (4, 'links', 1, 'components_links_links', 5, 4);
INSERT INTO components_links_footer_sections_components (id, field, "order", component_type, component_id, components_links_footer_section_id) VALUES (5, 'links', 2, 'components_links_links', 7, 4);
INSERT INTO components_links_footer_sections_components (id, field, "order", component_type, component_id, components_links_footer_section_id) VALUES (6, 'links', 2, 'components_links_links', 8, 1);
INSERT INTO components_links_footer_sections_components (id, field, "order", component_type, component_id, components_links_footer_section_id) VALUES (7, 'links', 1, 'components_links_links', 9, 3);
INSERT INTO components_links_footer_sections_components (id, field, "order", component_type, component_id, components_links_footer_section_id) VALUES (8, 'links', 2, 'components_links_links', 10, 3);
INSERT INTO components_links_footer_sections_components (id, field, "order", component_type, component_id, components_links_footer_section_id) VALUES (9, 'links', 1, 'components_links_links', 13, 5);
INSERT INTO components_links_footer_sections_components (id, field, "order", component_type, component_id, components_links_footer_section_id) VALUES (10, 'links', 2, 'components_links_links', 14, 5);
INSERT INTO components_links_footer_sections_components (id, field, "order", component_type, component_id, components_links_footer_section_id) VALUES (11, 'links', 2, 'components_links_links', 17, 8);
INSERT INTO components_links_footer_sections_components (id, field, "order", component_type, component_id, components_links_footer_section_id) VALUES (12, 'links', 1, 'components_links_links', 18, 7);
INSERT INTO components_links_footer_sections_components (id, field, "order", component_type, component_id, components_links_footer_section_id) VALUES (13, 'links', 1, 'components_links_links', 16, 8);
INSERT INTO components_links_footer_sections_components (id, field, "order", component_type, component_id, components_links_footer_section_id) VALUES (14, 'links', 2, 'components_links_links', 19, 6);
INSERT INTO components_links_footer_sections_components (id, field, "order", component_type, component_id, components_links_footer_section_id) VALUES (15, 'links', 1, 'components_links_links', 15, 6);
INSERT INTO components_links_footer_sections_components (id, field, "order", component_type, component_id, components_links_footer_section_id) VALUES (16, 'links', 2, 'components_links_links', 20, 7);

-- Table : components_links_links
CREATE TABLE `components_links_links` (`id` integer not null primary key autoincrement, `url` varchar(255), `newTab` boolean null, `text` varchar(255));
INSERT INTO components_links_links (id, url, newTab, text) VALUES (3, '#', 0, 'Features');
INSERT INTO components_links_links (id, url, newTab, text) VALUES (4, '#', 0, 'Privacy policy');
INSERT INTO components_links_links (id, url, newTab, text) VALUES (5, '#', 0, 'Careers');
INSERT INTO components_links_links (id, url, newTab, text) VALUES (6, '#', 0, 'Terms & conditions');
INSERT INTO components_links_links (id, url, newTab, text) VALUES (7, '#', 0, 'Team');
INSERT INTO components_links_links (id, url, newTab, text) VALUES (8, '#', 0, 'Sign up');
INSERT INTO components_links_links (id, url, newTab, text) VALUES (9, '#', 0, 'Twitter');
INSERT INTO components_links_links (id, url, newTab, text) VALUES (10, '#', 0, 'LinkedIn');
INSERT INTO components_links_links (id, url, newTab, text) VALUES (11, '/pricing', 0, 'tarifs');
INSERT INTO components_links_links (id, url, newTab, text) VALUES (12, '/contact', 0, 'nous contacter');
INSERT INTO components_links_links (id, url, newTab, text) VALUES (13, '#', 0, 'Fonctionnalités');
INSERT INTO components_links_links (id, url, newTab, text) VALUES (14, '#', 0, 'S''inscrire');
INSERT INTO components_links_links (id, url, newTab, text) VALUES (15, '#', 0, 'Confidentialité');
INSERT INTO components_links_links (id, url, newTab, text) VALUES (16, '#', 0, 'Twitter');
INSERT INTO components_links_links (id, url, newTab, text) VALUES (17, '#', 0, 'LinkedIn');
INSERT INTO components_links_links (id, url, newTab, text) VALUES (18, '#', 0, 'Nous rejoindre');
INSERT INTO components_links_links (id, url, newTab, text) VALUES (19, '#', 0, 'Mentions légales');
INSERT INTO components_links_links (id, url, newTab, text) VALUES (20, '#', 0, 'L''équipe');
INSERT INTO components_links_links (id, url, newTab, text) VALUES (24, '#', 0, 'All testimonials');
INSERT INTO components_links_links (id, url, newTab, text) VALUES (25, '#', 0, 'Voir la liste de blocs UI');
INSERT INTO components_links_links (id, url, newTab, text) VALUES (26, '#', 0, 'Voir comment créer une page');
INSERT INTO components_links_links (id, url, newTab, text) VALUES (27, '/sneakers', 0, 'Sneakers');
INSERT INTO components_links_links (id, url, newTab, text) VALUES (28, 'www.stockx.com/help/fr-FR/home', 1, 'Help');
INSERT INTO components_links_links (id, url, newTab, text) VALUES (29, '/about', 0, 'About');
INSERT INTO components_links_links (id, url, newTab, text) VALUES (30, '/news', 0, 'News');

-- Table : components_links_simple_buttons
CREATE TABLE `components_links_simple_buttons` (`id` integer not null primary key autoincrement, `text` varchar(255) null, `type` varchar(255) null);
INSERT INTO components_links_simple_buttons (id, text, type) VALUES (2, 'S''inscrire', 'primary');

-- Table : components_meta_metadata
CREATE TABLE `components_meta_metadata` (`id` integer not null primary key autoincrement, `metaTitle` varchar(255), `metaDescription` text, `twitterCardType` varchar(255) null, `twitterUsername` varchar(255) null);
INSERT INTO components_meta_metadata (id, metaTitle, metaDescription, twitterCardType, twitterUsername) VALUES (1, 'Strapi starter for Corporate Sites', 'Build your corporate site with Strapi', 'summary', 'strapijs');
INSERT INTO components_meta_metadata (id, metaTitle, metaDescription, twitterCardType, twitterUsername) VALUES (2, 'Strapi starter for Corporate Sites', 'Créer votre site corporate avec Strapi', 'summary', 'strapijs');
INSERT INTO components_meta_metadata (id, metaTitle, metaDescription, twitterCardType, twitterUsername) VALUES (3, 'Strapi corporate site starter', 'Build a fully editable site with Strapi', 'summary', NULL);
INSERT INTO components_meta_metadata (id, metaTitle, metaDescription, twitterCardType, twitterUsername) VALUES (4, 'Pricing', 'The different plans', 'summary', NULL);
INSERT INTO components_meta_metadata (id, metaTitle, metaDescription, twitterCardType, twitterUsername) VALUES (5, 'Secret page', 'Preview-only page', 'summary', NULL);
INSERT INTO components_meta_metadata (id, metaTitle, metaDescription, twitterCardType, twitterUsername) VALUES (6, 'Contact', 'Get in touch with our team', 'summary', NULL);
INSERT INTO components_meta_metadata (id, metaTitle, metaDescription, twitterCardType, twitterUsername) VALUES (7, 'Strapi corporate site starter', 'Construire un site modifiable avec Strapi', 'summary', NULL);
INSERT INTO components_meta_metadata (id, metaTitle, metaDescription, twitterCardType, twitterUsername) VALUES (8, 'Pricing', 'Les différentes offres', 'summary', NULL);
INSERT INTO components_meta_metadata (id, metaTitle, metaDescription, twitterCardType, twitterUsername) VALUES (9, 'Page secrète', 'Preview-only page', 'summary', NULL);
INSERT INTO components_meta_metadata (id, metaTitle, metaDescription, twitterCardType, twitterUsername) VALUES (10, 'Nous Contacter', 'Contactez notre équipe', 'summary', NULL);
INSERT INTO components_meta_metadata (id, metaTitle, metaDescription, twitterCardType, twitterUsername) VALUES (11, 'News', 'blog', 'summary', NULL);
INSERT INTO components_meta_metadata (id, metaTitle, metaDescription, twitterCardType, twitterUsername) VALUES (12, 'List of Sneakers', 'this is list of sneakers ', 'summary', NULL);

-- Table : components_sections_latest_blogs
CREATE TABLE `components_sections_latest_blogs` (`id` integer not null primary key autoincrement, `title` varchar(255), `numberOfArticles` bigint, `linkLabel` varchar(255) null);
INSERT INTO components_sections_latest_blogs (id, title, numberOfArticles, linkLabel) VALUES (1, 'From The Magazine', 4, 'View All News Articles');

-- Table : components_sections_lead_forms
CREATE TABLE `components_sections_lead_forms` (`id` integer not null primary key autoincrement, `title` varchar(255) null, `emailPlaceholder` varchar(255) null, `location` varchar(255) null);
INSERT INTO components_sections_lead_forms (id, title, emailPlaceholder, location) VALUES (2, 'S''inscrire à notre Newsletter', 'email@company.com', 'Home Page Bottom');

-- Table : components_sections_lead_forms_components
CREATE TABLE `components_sections_lead_forms_components` (`id` integer not null primary key autoincrement, `field` varchar(255) not null, `order` integer not null, `component_type` varchar(255) not null, `component_id` integer not null, `components_sections_lead_form_id` integer not null, constraint `components_sections_lead_form_id_fk` foreign key(`components_sections_lead_form_id`) references `components_sections_lead_forms`(`id`) on delete CASCADE);
INSERT INTO components_sections_lead_forms_components (id, field, "order", component_type, component_id, components_sections_lead_form_id) VALUES (2, 'submitButton', 1, 'components_links_simple_buttons', 2, 2);

-- Table : components_sections_pricings
CREATE TABLE `components_sections_pricings` (`id` integer not null primary key autoincrement, `title` varchar(255) null);
INSERT INTO components_sections_pricings (id, title) VALUES (1, 'Clear pricing table');
INSERT INTO components_sections_pricings (id, title) VALUES (2, 'Tableau de tarifs');

-- Table : components_sections_pricings_components
CREATE TABLE `components_sections_pricings_components` (`id` integer not null primary key autoincrement, `field` varchar(255) not null, `order` integer not null, `component_type` varchar(255) not null, `component_id` integer not null, `components_sections_pricing_id` integer not null, constraint `components_sections_pricing_id_fk` foreign key(`components_sections_pricing_id`) references `components_sections_pricings`(`id`) on delete CASCADE);
INSERT INTO components_sections_pricings_components (id, field, "order", component_type, component_id, components_sections_pricing_id) VALUES (1, 'plans', 1, 'components_elements_plans', 1, 1);
INSERT INTO components_sections_pricings_components (id, field, "order", component_type, component_id, components_sections_pricing_id) VALUES (2, 'plans', 2, 'components_elements_plans', 2, 1);
INSERT INTO components_sections_pricings_components (id, field, "order", component_type, component_id, components_sections_pricing_id) VALUES (3, 'plans', 3, 'components_elements_plans', 3, 1);
INSERT INTO components_sections_pricings_components (id, field, "order", component_type, component_id, components_sections_pricing_id) VALUES (4, 'plans', 1, 'components_elements_plans', 4, 2);
INSERT INTO components_sections_pricings_components (id, field, "order", component_type, component_id, components_sections_pricing_id) VALUES (5, 'plans', 2, 'components_elements_plans', 5, 2);
INSERT INTO components_sections_pricings_components (id, field, "order", component_type, component_id, components_sections_pricing_id) VALUES (6, 'plans', 3, 'components_elements_plans', 6, 2);

-- Table : components_sections_products_lists
CREATE TABLE `components_sections_products_lists` (`id` integer not null primary key autoincrement, `title` varchar(255) null, `type` varchar(255), `numberOfProducts` bigint, `labelLink` varchar(255) null);
INSERT INTO components_sections_products_lists (id, title, type, numberOfProducts, labelLink) VALUES (1, 'Popular Brands', 'PopularBrands', 5, 'See All');
INSERT INTO components_sections_products_lists (id, title, type, numberOfProducts, labelLink) VALUES (2, 'Recommended', 'MostPopularSneakers', 6, 'See All');
INSERT INTO components_sections_products_lists (id, title, type, numberOfProducts, labelLink) VALUES (3, 'Most Popular Sneakers', 'RecentlyViewed', 6, 'See All');

-- Table : components_sections_rich_texts
CREATE TABLE `components_sections_rich_texts` (`id` integer not null primary key autoincrement, `content` text null);
INSERT INTO components_sections_rich_texts (id, content) VALUES (1, '## Secret page

You can only view this page in Preview Mode.');
INSERT INTO components_sections_rich_texts (id, content) VALUES (2, '# Get in touch

> This is an example of a page that relies almost entirely on the RichText section. It''s useful for blog articles, or content-heavy pages like legal terms.

We''d love to hear from you.

## Social media

* [Twitter](#)
* [Twitter](#)
* [Twitter](#)

## Postal address

404 Headless Street
__92210__ **Saint Cloud**, *France*

Lorem ipsum dolor sit amet, consectetur adipiscing elit, sed do eiusmod tempor incididunt ut labore et dolore magna aliqua. Ut enim ad minim veniam, quis nostrud exercitation ullamco laboris nisi ut aliquip ex ea commodo consequat. Duis aute irure dolor in reprehenderit in voluptate velit esse cillum dolore eu fugiat nulla pariatur. Excepteur sint occaecat cupidatat non proident, sunt in culpa qui officia deserunt mollit anim id est laborum.');
INSERT INTO components_sections_rich_texts (id, content) VALUES (3, '## Page secrète. 

 Vous seul pouvez voir cette page en Preview Mode');
INSERT INTO components_sections_rich_texts (id, content) VALUES (4, '# Contactez nous

> Ceci est un exemple d''une page qui repose presque entièrement sur le composant RichText. Vous pouvez l''utiliser pour des articles de blog, ou pour des pages comportant beaucoup de texte, comme par exemple les conditions d''utilisation.

Nous aimerions beaucoup avoir vos retours.

## Social media

* [Twitter](#)
* [Twitter](#)
* [Twitter](#)

## Postal address

404 Headless Street
__92210__ **Saint Cloud**, *France*

Lorem ipsum dolor sit amet, consectetur adipiscing elit, sed do eiusmod tempor incididunt ut labore et dolore magna aliqua. Ut enim ad minim veniam, quis nostrud exercitation ullamco laboris nisi ut aliquip ex ea commodo consequat. Duis aute irure dolor in reprehenderit in voluptate velit esse cillum dolore eu fugiat nulla pariatur. Excepteur sint occaecat cupidatat non proident, sunt in culpa qui officia deserunt mollit anim id est laborum.');

-- Table : components_slices_bottom_actions
CREATE TABLE `components_slices_bottom_actions` (`id` integer not null primary key autoincrement, `title` varchar(255) null);
INSERT INTO components_slices_bottom_actions (id, title) VALUES (2, 'Get in touch');
INSERT INTO components_slices_bottom_actions (id, title) VALUES (3, 'Start building your website');
INSERT INTO components_slices_bottom_actions (id, title) VALUES (4, 'Get in touch');

-- Table : components_slices_bottom_actions_components
CREATE TABLE `components_slices_bottom_actions_components` (`id` integer not null primary key autoincrement, `field` varchar(255) not null, `order` integer not null, `component_type` varchar(255) not null, `component_id` integer not null, `components_slices_bottom_action_id` integer not null, constraint `components_slices_bottom_action_id_fk` foreign key(`components_slices_bottom_action_id`) references `components_slices_bottom_actions`(`id`) on delete CASCADE);
INSERT INTO components_slices_bottom_actions_components (id, field, "order", component_type, component_id, components_slices_bottom_action_id) VALUES (3, 'buttons', 1, 'components_links_buttons', 7, 2);
INSERT INTO components_slices_bottom_actions_components (id, field, "order", component_type, component_id, components_slices_bottom_action_id) VALUES (4, 'buttons', 2, 'components_links_buttons', 8, 2);
INSERT INTO components_slices_bottom_actions_components (id, field, "order", component_type, component_id, components_slices_bottom_action_id) VALUES (5, 'buttons', 1, 'components_links_buttons', 10, 3);
INSERT INTO components_slices_bottom_actions_components (id, field, "order", component_type, component_id, components_slices_bottom_action_id) VALUES (6, 'buttons', 2, 'components_links_buttons', 11, 3);
INSERT INTO components_slices_bottom_actions_components (id, field, "order", component_type, component_id, components_slices_bottom_action_id) VALUES (7, 'buttons', 1, 'components_links_buttons', 13, 4);
INSERT INTO components_slices_bottom_actions_components (id, field, "order", component_type, component_id, components_slices_bottom_action_id) VALUES (8, 'buttons', 2, 'components_links_buttons', 14, 4);

-- Table : components_slices_feature_columns
CREATE TABLE `components_slices_feature_columns` (`id` integer not null primary key autoincrement, `title` varchar(255), `description` text null);
INSERT INTO components_slices_feature_columns (id, title, description) VALUES (4, 'Visualisez vos changments', 'Grace à un mode preview, vous pouvez voir vos pages avant de les publier.');
INSERT INTO components_slices_feature_columns (id, title, description) VALUES (5, '100% responsive', 'Ce starter marche sur toutes les tailles d''écrans.');
INSERT INTO components_slices_feature_columns (id, title, description) VALUES (6, 'Facile à personnaliser', 'On utilise Tailwind pour les styles. Vous pouvez changez le thème de votre site sans avoir besoin d''aller dans le code.');

-- Table : components_slices_feature_columns_groups
CREATE TABLE `components_slices_feature_columns_groups` (`id` integer not null primary key autoincrement);
INSERT INTO components_slices_feature_columns_groups (id) VALUES (2);

-- Table : components_slices_feature_columns_groups_components
CREATE TABLE `components_slices_feature_columns_groups_components` (`id` integer not null primary key autoincrement, `field` varchar(255) not null, `order` integer not null, `component_type` varchar(255) not null, `component_id` integer not null, `components_slices_feature_columns_group_id` integer not null, constraint `components_slices_feature_columns_group_id_fk` foreign key(`components_slices_feature_columns_group_id`) references `components_slices_feature_columns_groups`(`id`) on delete CASCADE);
INSERT INTO components_slices_feature_columns_groups_components (id, field, "order", component_type, component_id, components_slices_feature_columns_group_id) VALUES (4, 'features', 3, 'components_slices_feature_columns', 6, 2);
INSERT INTO components_slices_feature_columns_groups_components (id, field, "order", component_type, component_id, components_slices_feature_columns_group_id) VALUES (5, 'features', 1, 'components_slices_feature_columns', 4, 2);
INSERT INTO components_slices_feature_columns_groups_components (id, field, "order", component_type, component_id, components_slices_feature_columns_group_id) VALUES (6, 'features', 2, 'components_slices_feature_columns', 5, 2);

-- Table : components_slices_feature_rows
CREATE TABLE `components_slices_feature_rows` (`id` integer not null primary key autoincrement, `title` varchar(255), `description` text null);
INSERT INTO components_slices_feature_rows (id, title, description) VALUES (3, 'Les équipes marketing peuvent maintenant faire leurs propres pages', 'Grace à une liste pré-construite de blocs UI, les équipes marketing peuvent faire la mise en page exactement comme elles veulent');
INSERT INTO components_slices_feature_rows (id, title, description) VALUES (4, 'Laissez vos développeurs tranquilles', 'Vous pouvez publier, modifier, et supprimer des pages sans l''aide d''un développeur.  Votre équipe technique peut enfin se concentrer sur d''autre tâches.');

-- Table : components_slices_feature_rows_components
CREATE TABLE `components_slices_feature_rows_components` (`id` integer not null primary key autoincrement, `field` varchar(255) not null, `order` integer not null, `component_type` varchar(255) not null, `component_id` integer not null, `components_slices_feature_row_id` integer not null, constraint `components_slices_feature_row_id_fk` foreign key(`components_slices_feature_row_id`) references `components_slices_feature_rows`(`id`) on delete CASCADE);
INSERT INTO components_slices_feature_rows_components (id, field, "order", component_type, component_id, components_slices_feature_row_id) VALUES (3, 'link', 1, 'components_links_links', 26, 4);
INSERT INTO components_slices_feature_rows_components (id, field, "order", component_type, component_id, components_slices_feature_row_id) VALUES (4, 'link', 1, 'components_links_links', 25, 3);

-- Table : components_slices_feature_rows_groups
CREATE TABLE `components_slices_feature_rows_groups` (`id` integer not null primary key autoincrement);
INSERT INTO components_slices_feature_rows_groups (id) VALUES (2);

-- Table : components_slices_feature_rows_groups_components
CREATE TABLE `components_slices_feature_rows_groups_components` (`id` integer not null primary key autoincrement, `field` varchar(255) not null, `order` integer not null, `component_type` varchar(255) not null, `component_id` integer not null, `components_slices_feature_rows_group_id` integer not null, constraint `components_slices_feature_rows_group_id_fk` foreign key(`components_slices_feature_rows_group_id`) references `components_slices_feature_rows_groups`(`id`) on delete CASCADE);
INSERT INTO components_slices_feature_rows_groups_components (id, field, "order", component_type, component_id, components_slices_feature_rows_group_id) VALUES (3, 'features', 2, 'components_slices_feature_rows', 4, 2);
INSERT INTO components_slices_feature_rows_groups_components (id, field, "order", component_type, component_id, components_slices_feature_rows_group_id) VALUES (4, 'features', 1, 'components_slices_feature_rows', 3, 2);

-- Table : components_slices_heroes
CREATE TABLE `components_slices_heroes` (`id` integer not null primary key autoincrement, `title` varchar(255) null, `label` varchar(255) null, `description` varchar(255) null, `smallTextWithLink` text null);
INSERT INTO components_slices_heroes (id, title, label, description, smallTextWithLink) VALUES (2, 'La meilleure façon de faire votre site Corporate', 'Nouveau starter Strapi', 'Commencer vite avec votre site corporate', 'Vous voulez construire votre propre starter? Guide à venir');

-- Table : components_slices_heroes_components
CREATE TABLE `components_slices_heroes_components` (`id` integer not null primary key autoincrement, `field` varchar(255) not null, `order` integer not null, `component_type` varchar(255) not null, `component_id` integer not null, `components_slices_hero_id` integer not null, constraint `components_slices_hero_id_fk` foreign key(`components_slices_hero_id`) references `components_slices_heroes`(`id`) on delete CASCADE);
INSERT INTO components_slices_heroes_components (id, field, "order", component_type, component_id, components_slices_hero_id) VALUES (3, 'buttons', 1, 'components_links_buttons', 9, 2);
INSERT INTO components_slices_heroes_components (id, field, "order", component_type, component_id, components_slices_hero_id) VALUES (4, 'buttons', 2, 'components_links_buttons', 12, 2);

-- Table : components_slices_large_videos
CREATE TABLE `components_slices_large_videos` (`id` integer not null primary key autoincrement, `title` varchar(255) null, `description` varchar(255) null);

-- Table : components_slices_testimonials
CREATE TABLE `components_slices_testimonials` (`id` integer not null primary key autoincrement, `text` text null, `authorName` varchar(255) null, `authorTitle` varchar(255) null, `link` varchar(255) null);
INSERT INTO components_slices_testimonials (id, text, authorName, authorTitle, link) VALUES (2, 'Lorem ipsum dolor sit amet, consectetur adipiscing elit, sed do eiusmod tempor incididunt ut labore et dolore magna aliqua. Ut enim ad minim veniam, quis nostrud exercitation ullamco laboris nisi ut aliquip ex ea commodo consequat. Duis aute irure dolor in reprehenderit in voluptate velit esse cillum dolore eu fugiat nulla pariatur.', 'Nom d''un(e) Client(e) ici', 'Un(e) Client(e) Satisfait(e)', '#');

-- Table : components_slices_testimonials_groups
CREATE TABLE `components_slices_testimonials_groups` (`id` integer not null primary key autoincrement, `title` varchar(255) null, `description` text null);
INSERT INTO components_slices_testimonials_groups (id, title, description) VALUES (2, 'Ici, les témoignages des vos clients.', 'Dans cette partie, vous pouvez mettre en avant vos clients.  Mettez des citations, et montrez les logos des entreprises qui aiment votre produit.');

-- Table : components_slices_testimonials_groups_components
CREATE TABLE `components_slices_testimonials_groups_components` (`id` integer not null primary key autoincrement, `field` varchar(255) not null, `order` integer not null, `component_type` varchar(255) not null, `component_id` integer not null, `components_slices_testimonials_group_id` integer not null, constraint `components_slices_testimonials_group_id_fk` foreign key(`components_slices_testimonials_group_id`) references `components_slices_testimonials_groups`(`id`) on delete CASCADE);
INSERT INTO components_slices_testimonials_groups_components (id, field, "order", component_type, component_id, components_slices_testimonials_group_id) VALUES (6, 'link', 1, 'components_links_links', 24, 2);
INSERT INTO components_slices_testimonials_groups_components (id, field, "order", component_type, component_id, components_slices_testimonials_group_id) VALUES (7, 'logos', 2, 'components_elements_logos', 5, 2);
INSERT INTO components_slices_testimonials_groups_components (id, field, "order", component_type, component_id, components_slices_testimonials_group_id) VALUES (8, 'logos', 1, 'components_elements_logos', 4, 2);
INSERT INTO components_slices_testimonials_groups_components (id, field, "order", component_type, component_id, components_slices_testimonials_group_id) VALUES (9, 'logos', 3, 'components_elements_logos', 6, 2);
INSERT INTO components_slices_testimonials_groups_components (id, field, "order", component_type, component_id, components_slices_testimonials_group_id) VALUES (10, 'testimonials', 1, 'components_slices_testimonials', 2, 2);

-- Table : core_store
CREATE TABLE `core_store` (`id` integer not null primary key autoincrement, `key` varchar(255) null, `value` text null, `type` varchar(255) null, `environment` varchar(255) null, `tag` varchar(255) null);
INSERT INTO core_store (id, "key", value, type, environment, tag) VALUES (1, 'model_def_strapi::core-store', '{"uid":"strapi::core-store","collectionName":"core_store","info":{"name":"core_store","description":""},"options":{"timestamps":false},"pluginOptions":{"content-manager":{"visible":false},"content-type-builder":{"visible":false}},"attributes":{"key":{"type":"string"},"value":{"type":"text"},"type":{"type":"string"},"environment":{"type":"string"},"tag":{"type":"string"}}}', 'object', NULL, NULL);
INSERT INTO core_store (id, "key", value, type, environment, tag) VALUES (2, 'model_def_elements.feature-column', '{"uid":"elements.feature-column","collectionName":"components_slices_feature_columns","info":{"name":"FeatureColumn","icon":"align-center","description":""},"options":{"timestamps":false},"attributes":{"title":{"type":"string","required":true},"description":{"type":"text"},"icon":{"model":"file","via":"related","allowedTypes":["images"],"plugin":"upload","required":true}}}', 'object', NULL, NULL);
INSERT INTO core_store (id, "key", value, type, environment, tag) VALUES (3, 'model_def_elements.feature-row', '{"uid":"elements.feature-row","collectionName":"components_slices_feature_rows","info":{"name":"FeatureRow","icon":"arrows-alt-h","description":""},"options":{"timestamps":false},"attributes":{"title":{"type":"string","required":true},"description":{"type":"text"},"media":{"model":"file","via":"related","allowedTypes":["images","videos"],"plugin":"upload","required":true},"link":{"type":"component","repeatable":false,"component":"links.link"}}}', 'object', NULL, NULL);
INSERT INTO core_store (id, "key", value, type, environment, tag) VALUES (4, 'model_def_elements.feature', '{"uid":"elements.feature","collectionName":"components_elements_features","info":{"name":"feature","icon":"traffic-light"},"options":{"timestamps":false},"attributes":{"name":{"type":"string"}}}', 'object', NULL, NULL);
INSERT INTO core_store (id, "key", value, type, environment, tag) VALUES (5, 'model_def_elements.footer-section', '{"uid":"elements.footer-section","collectionName":"components_links_footer_sections","info":{"name":"FooterSection","icon":"chevron-circle-down"},"options":{"timestamps":false},"attributes":{"title":{"type":"string"},"links":{"type":"component","repeatable":true,"component":"links.link"}}}', 'object', NULL, NULL);
INSERT INTO core_store (id, "key", value, type, environment, tag) VALUES (6, 'model_def_elements.logos', '{"uid":"elements.logos","collectionName":"components_elements_logos","info":{"name":"logos","icon":"apple-alt"},"options":{"timestamps":false},"attributes":{"title":{"type":"string"},"logo":{"model":"file","via":"related","allowedTypes":["images"],"plugin":"upload","required":false}}}', 'object', NULL, NULL);
INSERT INTO core_store (id, "key", value, type, environment, tag) VALUES (7, 'model_def_elements.notification-banner', '{"uid":"elements.notification-banner","collectionName":"components_elements_notification_banners","info":{"name":"NotificationBanner","icon":"exclamation"},"options":{"timestamps":false},"attributes":{"text":{"type":"richtext"},"type":{"type":"enumeration","enum":["alert","info","warning"],"required":true}}}', 'object', NULL, NULL);
INSERT INTO core_store (id, "key", value, type, environment, tag) VALUES (8, 'model_def_elements.plan', '{"uid":"elements.plan","collectionName":"components_elements_plans","info":{"name":"plan","icon":"search-dollar"},"options":{"timestamps":false},"attributes":{"name":{"type":"string"},"description":{"type":"text"},"features":{"type":"component","repeatable":true,"component":"elements.feature"},"isRecommended":{"type":"boolean"},"price":{"type":"decimal"},"pricePeriod":{"type":"string"}}}', 'object', NULL, NULL);
INSERT INTO core_store (id, "key", value, type, environment, tag) VALUES (9, 'model_def_elements.testimonial', '{"uid":"elements.testimonial","collectionName":"components_slices_testimonials","info":{"name":"Testimonial","icon":"user-check"},"options":{"timestamps":false},"attributes":{"logo":{"model":"file","via":"related","allowedTypes":["images"],"plugin":"upload","required":false},"picture":{"model":"file","via":"related","allowedTypes":["images"],"plugin":"upload","required":false},"text":{"type":"text"},"authorName":{"type":"string"},"authorTitle":{"type":"string"},"link":{"type":"string"}}}', 'object', NULL, NULL);
INSERT INTO core_store (id, "key", value, type, environment, tag) VALUES (10, 'model_def_layout.footer', '{"uid":"layout.footer","collectionName":"components_layout_footers","info":{"name":"Footer","icon":"caret-square-down"},"options":{"timestamps":false},"attributes":{"logo":{"model":"file","via":"related","allowedTypes":["images"],"plugin":"upload","required":false},"columns":{"type":"component","repeatable":true,"component":"elements.footer-section"},"smallText":{"type":"string"}}}', 'object', NULL, NULL);
INSERT INTO core_store (id, "key", value, type, environment, tag) VALUES (11, 'model_def_layout.navbar', '{"uid":"layout.navbar","collectionName":"components_layout_navbars","info":{"name":"Navbar","icon":"map-signs","description":""},"options":{"timestamps":false},"attributes":{"links":{"type":"component","repeatable":true,"component":"links.link"},"button":{"type":"component","repeatable":false,"component":"links.button-link"},"logo":{"model":"file","via":"related","allowedTypes":["images"],"plugin":"upload","required":true}}}', 'object', NULL, NULL);
INSERT INTO core_store (id, "key", value, type, environment, tag) VALUES (12, 'model_def_links.button-link', '{"uid":"links.button-link","collectionName":"components_links_buttons","info":{"name":"Button-link","icon":"fingerprint","description":""},"options":{"timestamps":false},"attributes":{"url":{"type":"string"},"newTab":{"type":"boolean","default":false},"text":{"type":"string"},"type":{"type":"enumeration","enum":["primary","secondary"]}}}', 'object', NULL, NULL);
INSERT INTO core_store (id, "key", value, type, environment, tag) VALUES (13, 'model_def_links.button', '{"uid":"links.button","collectionName":"components_links_simple_buttons","info":{"name":"Button","icon":"fingerprint","description":""},"options":{"timestamps":false},"attributes":{"text":{"type":"string"},"type":{"type":"enumeration","enum":["primary","secondary"]}}}', 'object', NULL, NULL);
INSERT INTO core_store (id, "key", value, type, environment, tag) VALUES (14, 'model_def_links.link', '{"uid":"links.link","collectionName":"components_links_links","info":{"name":"Link","icon":"link","description":""},"options":{"timestamps":false},"attributes":{"url":{"type":"string","required":true},"newTab":{"type":"boolean","default":false},"text":{"type":"string","required":true}}}', 'object', NULL, NULL);
INSERT INTO core_store (id, "key", value, type, environment, tag) VALUES (15, 'model_def_meta.metadata', '{"uid":"meta.metadata","collectionName":"components_meta_metadata","info":{"name":"Metadata","icon":"robot"},"options":{"timestamps":false},"attributes":{"metaTitle":{"type":"string","required":true},"metaDescription":{"type":"text","required":true},"shareImage":{"model":"file","via":"related","allowedTypes":["images"],"plugin":"upload","required":false},"twitterCardType":{"type":"enumeration","enum":["summary","summary_large_image","app","player"],"default":"summary"},"twitterUsername":{"type":"string"}}}', 'object', NULL, NULL);
INSERT INTO core_store (id, "key", value, type, environment, tag) VALUES (16, 'model_def_sections.bottom-actions', '{"uid":"sections.bottom-actions","collectionName":"components_slices_bottom_actions","info":{"name":"BottomActions","icon":"angle-double-right"},"options":{"timestamps":false},"attributes":{"title":{"type":"string"},"buttons":{"type":"component","repeatable":true,"component":"links.button-link"}}}', 'object', NULL, NULL);
INSERT INTO core_store (id, "key", value, type, environment, tag) VALUES (17, 'model_def_sections.feature-columns-group', '{"uid":"sections.feature-columns-group","collectionName":"components_slices_feature_columns_groups","info":{"name":"FeatureColumnsGroup","icon":"star-of-life"},"options":{"timestamps":false},"attributes":{"features":{"type":"component","repeatable":true,"component":"elements.feature-column"}}}', 'object', NULL, NULL);
INSERT INTO core_store (id, "key", value, type, environment, tag) VALUES (18, 'model_def_sections.feature-rows-group', '{"uid":"sections.feature-rows-group","collectionName":"components_slices_feature_rows_groups","info":{"name":"FeatureRowsGroup","icon":"bars"},"options":{"timestamps":false},"attributes":{"features":{"type":"component","repeatable":true,"component":"elements.feature-row"}}}', 'object', NULL, NULL);
INSERT INTO core_store (id, "key", value, type, environment, tag) VALUES (19, 'model_def_sections.hero', '{"uid":"sections.hero","collectionName":"components_slices_heroes","info":{"name":"Hero","icon":"heading"},"options":{"timestamps":false},"attributes":{"title":{"type":"string"},"label":{"type":"string"},"description":{"type":"string"},"picture":{"model":"file","via":"related","allowedTypes":["images"],"plugin":"upload","required":false},"smallTextWithLink":{"type":"richtext"},"buttons":{"type":"component","repeatable":true,"component":"links.button-link"}}}', 'object', NULL, NULL);
INSERT INTO core_store (id, "key", value, type, environment, tag) VALUES (20, 'model_def_sections.large-video', '{"uid":"sections.large-video","collectionName":"components_slices_large_videos","info":{"name":"LargeVideo","icon":"play-circle"},"options":{"timestamps":false},"attributes":{"title":{"type":"string"},"description":{"type":"string"},"video":{"model":"file","via":"related","allowedTypes":["videos"],"plugin":"upload","required":true},"poster":{"model":"file","via":"related","allowedTypes":["images"],"plugin":"upload","required":false}}}', 'object', NULL, NULL);
INSERT INTO core_store (id, "key", value, type, environment, tag) VALUES (21, 'model_def_sections.lead-form', '{"uid":"sections.lead-form","collectionName":"components_sections_lead_forms","info":{"name":"Lead form","icon":"at","description":""},"options":{"timestamps":false},"attributes":{"title":{"type":"string"},"emailPlaceholder":{"type":"string"},"submitButton":{"type":"component","repeatable":false,"component":"links.button"},"location":{"type":"string"}}}', 'object', NULL, NULL);
INSERT INTO core_store (id, "key", value, type, environment, tag) VALUES (22, 'model_def_sections.pricing', '{"uid":"sections.pricing","collectionName":"components_sections_pricings","info":{"name":"Pricing","icon":"dollar-sign"},"options":{"timestamps":false},"attributes":{"title":{"type":"string"},"plans":{"type":"component","repeatable":true,"component":"elements.plan"}}}', 'object', NULL, NULL);
INSERT INTO core_store (id, "key", value, type, environment, tag) VALUES (23, 'model_def_sections.rich-text', '{"uid":"sections.rich-text","collectionName":"components_sections_rich_texts","info":{"name":"RichText","icon":"text-height"},"options":{"timestamps":false},"attributes":{"content":{"type":"richtext"}}}', 'object', NULL, NULL);
INSERT INTO core_store (id, "key", value, type, environment, tag) VALUES (24, 'model_def_sections.testimonials-group', '{"uid":"sections.testimonials-group","collectionName":"components_slices_testimonials_groups","info":{"name":"TestimonialsGroup","icon":"user-friends"},"options":{"timestamps":false},"attributes":{"title":{"type":"string"},"description":{"type":"text"},"link":{"type":"component","repeatable":false,"component":"links.link"},"logos":{"type":"component","repeatable":true,"component":"elements.logos"},"testimonials":{"type":"component","repeatable":true,"component":"elements.testimonial"}}}', 'object', NULL, NULL);
INSERT INTO core_store (id, "key", value, type, environment, tag) VALUES (25, 'model_def_application::article.article', '{"uid":"application::article.article","collectionName":"articles","kind":"collectionType","info":{"name":"article","description":""},"options":{"increments":true,"timestamps":["created_at","updated_at"],"draftAndPublish":true},"pluginOptions":{},"attributes":{"title":{"type":"string","required":true},"description":{"type":"text","required":true},"content":{"type":"richtext","required":true},"slug":{"type":"uid","targetField":"title","required":true},"image":{"model":"file","via":"related","allowedTypes":["files","images","videos"],"plugin":"upload","required":true,"pluginOptions":{}},"category":{"via":"articles","model":"category"},"author":{"via":"articles","model":"writer"},"published_at":{"type":"datetime","configurable":false,"writable":true,"visible":false},"created_by":{"model":"user","plugin":"admin","configurable":false,"writable":false,"visible":false,"private":true},"updated_by":{"model":"user","plugin":"admin","configurable":false,"writable":false,"visible":false,"private":true}}}', 'object', NULL, NULL);
INSERT INTO core_store (id, "key", value, type, environment, tag) VALUES (26, 'model_def_application::category.category', '{"uid":"application::category.category","collectionName":"categories","kind":"collectionType","info":{"name":"category","description":""},"options":{"increments":true,"timestamps":["created_at","updated_at"],"draftAndPublish":true},"pluginOptions":{},"attributes":{"name":{"type":"string","required":true},"slug":{"type":"uid","targetField":"name","required":true},"articles":{"via":"category","collection":"article","isVirtual":true},"published_at":{"type":"datetime","configurable":false,"writable":true,"visible":false},"created_by":{"model":"user","plugin":"admin","configurable":false,"writable":false,"visible":false,"private":true},"updated_by":{"model":"user","plugin":"admin","configurable":false,"writable":false,"visible":false,"private":true}}}', 'object', NULL, NULL);
INSERT INTO core_store (id, "key", value, type, environment, tag) VALUES (27, 'model_def_application::global.global', '{"uid":"application::global.global","collectionName":"globals","kind":"singleType","info":{"name":"Global","description":""},"options":{"increments":true,"timestamps":["created_at","updated_at"],"draftAndPublish":false},"pluginOptions":{"i18n":{"localized":true}},"attributes":{"metadata":{"type":"component","repeatable":false,"component":"meta.metadata","pluginOptions":{"i18n":{"localized":true}}},"metaTitleSuffix":{"type":"string","required":true,"pluginOptions":{"i18n":{"localized":true}}},"favicon":{"model":"file","via":"related","allowedTypes":["images"],"plugin":"upload","required":false,"pluginOptions":{"i18n":{"localized":true}}},"notificationBanner":{"type":"component","repeatable":false,"component":"elements.notification-banner","pluginOptions":{"i18n":{"localized":true}}},"navbar":{"type":"component","repeatable":false,"component":"layout.navbar","pluginOptions":{"i18n":{"localized":true}}},"banner":{"type":"component","repeatable":false,"component":"layout.banner","pluginOptions":{"i18n":{"localized":true}}},"footer":{"type":"component","repeatable":false,"component":"layout.footer","pluginOptions":{"i18n":{"localized":true}}},"localizations":{"writable":true,"private":false,"configurable":false,"visible":false,"collection":"global","populate":["_id","id","locale","published_at"],"attribute":"related_global","column":"id","isVirtual":true},"locale":{"writable":true,"private":false,"configurable":false,"visible":false,"type":"string"},"created_by":{"model":"user","plugin":"admin","configurable":false,"writable":false,"visible":false,"private":true},"updated_by":{"model":"user","plugin":"admin","configurable":false,"writable":false,"visible":false,"private":true}}}', 'object', NULL, NULL);
INSERT INTO core_store (id, "key", value, type, environment, tag) VALUES (28, 'model_def_application::lead-form-submissions.lead-form-submissions', '{"uid":"application::lead-form-submissions.lead-form-submissions","collectionName":"lead_form_submissions","kind":"collectionType","info":{"name":"LeadFormSubmissions","description":""},"options":{"increments":true,"timestamps":["created_at","updated_at"],"draftAndPublish":false},"attributes":{"email":{"type":"string"},"status":{"type":"enumeration","enum":["seen","contacted","ignored"]},"location":{"type":"string"},"created_by":{"model":"user","plugin":"admin","configurable":false,"writable":false,"visible":false,"private":true},"updated_by":{"model":"user","plugin":"admin","configurable":false,"writable":false,"visible":false,"private":true}}}', 'object', NULL, NULL);
INSERT INTO core_store (id, "key", value, type, environment, tag) VALUES (29, 'model_def_application::page.page', '{"uid":"application::page.page","collectionName":"pages","kind":"collectionType","info":{"name":"Page","description":""},"options":{"increments":true,"timestamps":["created_at","updated_at"],"draftAndPublish":false},"pluginOptions":{"i18n":{"localized":true}},"attributes":{"shortName":{"type":"string","pluginOptions":{"i18n":{"localized":true}}},"metadata":{"type":"component","repeatable":false,"component":"meta.metadata","required":true,"pluginOptions":{"i18n":{"localized":true}}},"contentSections":{"type":"dynamiczone","components":["sections.hero","sections.bottom-actions","sections.feature-columns-group","sections.feature-rows-group","sections.testimonials-group","sections.large-video","sections.rich-text","sections.pricing","sections.lead-form","sections.products-list","sections.latest-blog"],"pluginOptions":{"i18n":{"localized":true}}},"status":{"type":"enumeration","enum":["published","draft"],"default":"draft","required":true,"pluginOptions":{"i18n":{"localized":true}}},"slug":{"pluginOptions":{"i18n":{"localized":false}},"type":"string","regex":"^$|^[a-zA-Z/-]+$"},"localizations":{"writable":true,"private":false,"configurable":false,"visible":false,"collection":"page","populate":["_id","id","locale","published_at"],"attribute":"related_page","column":"id","isVirtual":true},"locale":{"writable":true,"private":false,"configurable":false,"visible":false,"type":"string"},"created_by":{"model":"user","plugin":"admin","configurable":false,"writable":false,"visible":false,"private":true},"updated_by":{"model":"user","plugin":"admin","configurable":false,"writable":false,"visible":false,"private":true}}}', 'object', NULL, NULL);
INSERT INTO core_store (id, "key", value, type, environment, tag) VALUES (30, 'model_def_application::writer.writer', '{"uid":"application::writer.writer","collectionName":"writers","kind":"collectionType","info":{"name":"Writer","description":""},"options":{"increments":true,"timestamps":["created_at","updated_at"],"draftAndPublish":true},"pluginOptions":{},"attributes":{"name":{"type":"string"},"picture":{"model":"file","via":"related","allowedTypes":["images","files","videos"],"plugin":"upload","required":false,"pluginOptions":{}},"articles":{"via":"author","collection":"article","isVirtual":true},"email":{"type":"string"},"published_at":{"type":"datetime","configurable":false,"writable":true,"visible":false},"created_by":{"model":"user","plugin":"admin","configurable":false,"writable":false,"visible":false,"private":true},"updated_by":{"model":"user","plugin":"admin","configurable":false,"writable":false,"visible":false,"private":true}}}', 'object', NULL, NULL);
INSERT INTO core_store (id, "key", value, type, environment, tag) VALUES (31, 'model_def_strapi::webhooks', '{"uid":"strapi::webhooks","collectionName":"strapi_webhooks","info":{"name":"Strapi webhooks","description":""},"options":{"timestamps":false},"pluginOptions":{"content-manager":{"visible":false},"content-type-builder":{"visible":false}},"attributes":{"name":{"type":"string"},"url":{"type":"text"},"headers":{"type":"json"},"events":{"type":"json"},"enabled":{"type":"boolean"}}}', 'object', NULL, NULL);
INSERT INTO core_store (id, "key", value, type, environment, tag) VALUES (32, 'model_def_strapi::permission', '{"uid":"strapi::permission","collectionName":"strapi_permission","kind":"collectionType","info":{"name":"Permission","description":""},"options":{"timestamps":["created_at","updated_at"]},"pluginOptions":{"content-manager":{"visible":false},"content-type-builder":{"visible":false}},"attributes":{"action":{"type":"string","minLength":1,"configurable":false,"required":true},"subject":{"type":"string","minLength":1,"configurable":false,"required":false},"properties":{"type":"json","configurable":false,"required":false,"default":{}},"conditions":{"type":"json","configurable":false,"required":false,"default":[]},"role":{"configurable":false,"model":"role","plugin":"admin"}}}', 'object', NULL, NULL);
INSERT INTO core_store (id, "key", value, type, environment, tag) VALUES (33, 'model_def_strapi::role', '{"uid":"strapi::role","collectionName":"strapi_role","kind":"collectionType","info":{"name":"Role","description":""},"options":{"timestamps":["created_at","updated_at"]},"pluginOptions":{"content-manager":{"visible":false},"content-type-builder":{"visible":false}},"attributes":{"name":{"type":"string","minLength":1,"unique":true,"configurable":false,"required":true},"code":{"type":"string","minLength":1,"unique":true,"configurable":false,"required":true},"description":{"type":"string","configurable":false},"users":{"configurable":false,"collection":"user","via":"roles","plugin":"admin","attribute":"user","column":"id","isVirtual":true},"permissions":{"configurable":false,"plugin":"admin","collection":"permission","via":"role","isVirtual":true}}}', 'object', NULL, NULL);
INSERT INTO core_store (id, "key", value, type, environment, tag) VALUES (34, 'model_def_strapi::user', '{"uid":"strapi::user","collectionName":"strapi_administrator","kind":"collectionType","info":{"name":"User","description":""},"options":{"timestamps":false},"pluginOptions":{"content-manager":{"visible":false},"content-type-builder":{"visible":false}},"attributes":{"firstname":{"type":"string","unique":false,"minLength":1,"configurable":false,"required":false},"lastname":{"type":"string","unique":false,"minLength":1,"configurable":false,"required":false},"username":{"type":"string","unique":false,"configurable":false,"required":false},"email":{"type":"email","minLength":6,"configurable":false,"required":true,"unique":true,"private":true},"password":{"type":"password","minLength":6,"configurable":false,"required":false,"private":true},"resetPasswordToken":{"type":"string","configurable":false,"private":true},"registrationToken":{"type":"string","configurable":false,"private":true},"isActive":{"type":"boolean","default":false,"configurable":false,"private":true},"roles":{"collection":"role","collectionName":"strapi_users_roles","via":"users","dominant":true,"plugin":"admin","configurable":false,"private":true,"attribute":"role","column":"id","isVirtual":true},"blocked":{"type":"boolean","default":false,"configurable":false,"private":true},"preferedLanguage":{"type":"string","configurable":false,"required":false}}}', 'object', NULL, NULL);
INSERT INTO core_store (id, "key", value, type, environment, tag) VALUES (35, 'model_def_plugins::i18n.locale', '{"uid":"plugins::i18n.locale","collectionName":"i18n_locales","kind":"collectionType","info":{"name":"locale","description":""},"options":{"timestamps":["created_at","updated_at"]},"pluginOptions":{"content-manager":{"visible":false},"content-type-builder":{"visible":false}},"attributes":{"name":{"type":"string","min":1,"max":50,"configurable":false},"code":{"type":"string","unique":true,"configurable":false},"created_by":{"model":"user","plugin":"admin","configurable":false,"writable":false,"visible":false,"private":true},"updated_by":{"model":"user","plugin":"admin","configurable":false,"writable":false,"visible":false,"private":true}}}', 'object', NULL, NULL);
INSERT INTO core_store (id, "key", value, type, environment, tag) VALUES (36, 'model_def_plugins::upload.file', '{"uid":"plugins::upload.file","collectionName":"upload_file","kind":"collectionType","info":{"name":"file","description":""},"options":{"timestamps":["created_at","updated_at"]},"pluginOptions":{"content-manager":{"visible":false},"content-type-builder":{"visible":false}},"attributes":{"name":{"type":"string","configurable":false,"required":true},"alternativeText":{"type":"string","configurable":false},"caption":{"type":"string","configurable":false},"width":{"type":"integer","configurable":false},"height":{"type":"integer","configurable":false},"formats":{"type":"json","configurable":false},"hash":{"type":"string","configurable":false,"required":true},"ext":{"type":"string","configurable":false},"mime":{"type":"string","configurable":false,"required":true},"size":{"type":"decimal","configurable":false,"required":true},"url":{"type":"string","configurable":false,"required":true},"previewUrl":{"type":"string","configurable":false},"provider":{"type":"string","configurable":false,"required":true},"provider_metadata":{"type":"json","configurable":false},"related":{"collection":"*","filter":"field","configurable":false},"created_by":{"model":"user","plugin":"admin","configurable":false,"writable":false,"visible":false,"private":true},"updated_by":{"model":"user","plugin":"admin","configurable":false,"writable":false,"visible":false,"private":true}}}', 'object', NULL, NULL);
INSERT INTO core_store (id, "key", value, type, environment, tag) VALUES (37, 'model_def_plugins::users-permissions.permission', '{"uid":"plugins::users-permissions.permission","collectionName":"users-permissions_permission","kind":"collectionType","info":{"name":"permission","description":""},"options":{"timestamps":false},"pluginOptions":{"content-manager":{"visible":false}},"attributes":{"type":{"type":"string","required":true,"configurable":false},"controller":{"type":"string","required":true,"configurable":false},"action":{"type":"string","required":true,"configurable":false},"enabled":{"type":"boolean","required":true,"configurable":false},"policy":{"type":"string","configurable":false},"role":{"model":"role","via":"permissions","plugin":"users-permissions","configurable":false},"created_by":{"model":"user","plugin":"admin","configurable":false,"writable":false,"visible":false,"private":true},"updated_by":{"model":"user","plugin":"admin","configurable":false,"writable":false,"visible":false,"private":true}}}', 'object', NULL, NULL);
INSERT INTO core_store (id, "key", value, type, environment, tag) VALUES (38, 'model_def_plugins::users-permissions.role', '{"uid":"plugins::users-permissions.role","collectionName":"users-permissions_role","kind":"collectionType","info":{"name":"role","description":""},"options":{"timestamps":false},"pluginOptions":{"content-manager":{"visible":false}},"attributes":{"name":{"type":"string","minLength":3,"required":true,"configurable":false},"description":{"type":"string","configurable":false},"type":{"type":"string","unique":true,"configurable":false},"permissions":{"collection":"permission","via":"role","plugin":"users-permissions","configurable":false,"isVirtual":true},"users":{"collection":"user","via":"role","configurable":false,"plugin":"users-permissions","isVirtual":true},"created_by":{"model":"user","plugin":"admin","configurable":false,"writable":false,"visible":false,"private":true},"updated_by":{"model":"user","plugin":"admin","configurable":false,"writable":false,"visible":false,"private":true}}}', 'object', NULL, NULL);
INSERT INTO core_store (id, "key", value, type, environment, tag) VALUES (39, 'model_def_plugins::users-permissions.user', '{"uid":"plugins::users-permissions.user","collectionName":"users-permissions_user","kind":"collectionType","info":{"name":"user","description":""},"options":{"draftAndPublish":false,"timestamps":["created_at","updated_at"]},"attributes":{"username":{"type":"string","minLength":3,"unique":true,"configurable":false,"required":true},"email":{"type":"email","minLength":6,"configurable":false,"required":true},"provider":{"type":"string","configurable":false},"password":{"type":"password","minLength":6,"configurable":false,"private":true},"resetPasswordToken":{"type":"string","configurable":false,"private":true},"confirmationToken":{"type":"string","configurable":false,"private":true},"confirmed":{"type":"boolean","default":false,"configurable":false},"blocked":{"type":"boolean","default":false,"configurable":false},"role":{"model":"role","via":"users","plugin":"users-permissions","configurable":false},"created_by":{"model":"user","plugin":"admin","configurable":false,"writable":false,"visible":false,"private":true},"updated_by":{"model":"user","plugin":"admin","configurable":false,"writable":false,"visible":false,"private":true}}}', 'object', NULL, NULL);
INSERT INTO core_store (id, "key", value, type, environment, tag) VALUES (40, 'plugin_upload_settings', '{"sizeOptimization":true,"responsiveDimensions":true}', 'object', 'development', '');
INSERT INTO core_store (id, "key", value, type, environment, tag) VALUES (41, 'plugin_users-permissions_grant', '{"email":{"enabled":true,"icon":"envelope"},"discord":{"enabled":false,"icon":"discord","key":"","secret":"","callback":"/auth/discord/callback","scope":["identify","email"]},"facebook":{"enabled":false,"icon":"facebook-square","key":"","secret":"","callback":"/auth/facebook/callback","scope":["email"]},"google":{"enabled":false,"icon":"google","key":"","secret":"","callback":"/auth/google/callback","scope":["email"]},"github":{"enabled":false,"icon":"github","key":"","secret":"","callback":"/auth/github/callback","scope":["user","user:email"]},"microsoft":{"enabled":false,"icon":"windows","key":"","secret":"","callback":"/auth/microsoft/callback","scope":["user.read"]},"twitter":{"enabled":false,"icon":"twitter","key":"","secret":"","callback":"/auth/twitter/callback"},"instagram":{"enabled":false,"icon":"instagram","key":"","secret":"","callback":"/auth/instagram/callback","scope":["user_profile"]},"vk":{"enabled":false,"icon":"vk","key":"","secret":"","callback":"/auth/vk/callback","scope":["email"]},"twitch":{"enabled":false,"icon":"twitch","key":"","secret":"","callback":"/auth/twitch/callback","scope":["user:read:email"]},"linkedin":{"enabled":false,"icon":"linkedin","key":"","secret":"","callback":"/auth/linkedin/callback","scope":["r_liteprofile","r_emailaddress"]},"cognito":{"enabled":false,"icon":"aws","key":"","secret":"","subdomain":"my.subdomain.com","callback":"/auth/cognito/callback","scope":["email","openid","profile"]},"reddit":{"enabled":false,"icon":"reddit","key":"","secret":"","state":true,"callback":"/auth/reddit/callback","scope":["identity"]},"auth0":{"enabled":false,"icon":"","key":"","secret":"","subdomain":"my-tenant.eu","callback":"/auth/auth0/callback","scope":["openid","email","profile"]},"cas":{"enabled":false,"icon":"book","key":"","secret":"","callback":"/auth/cas/callback","scope":["openid email"],"subdomain":"my.subdomain.com/cas"}}', 'object', '', '');
INSERT INTO core_store (id, "key", value, type, environment, tag) VALUES (42, 'plugin_i18n_default_locale', '"en"', 'string', '', '');
INSERT INTO core_store (id, "key", value, type, environment, tag) VALUES (43, 'plugin_content_manager_configuration_components::elements.feature-column', '{"uid":"elements.feature-column","settings":{"bulkable":true,"filterable":true,"searchable":true,"pageSize":10,"mainField":"title","defaultSortBy":"title","defaultSortOrder":"ASC"},"metadatas":{"id":{"edit":{},"list":{"label":"Id","searchable":false,"sortable":false}},"title":{"edit":{"label":"Title","description":"","placeholder":"","visible":true,"editable":true},"list":{"label":"Title","searchable":true,"sortable":true}},"description":{"edit":{"label":"Description","description":"","placeholder":"","visible":true,"editable":true},"list":{"label":"Description","searchable":true,"sortable":true}},"icon":{"edit":{"label":"Icon","description":"","placeholder":"","visible":true,"editable":true},"list":{"label":"Icon","searchable":false,"sortable":false}}},"layouts":{"list":["id","title","description","icon"],"edit":[[{"name":"title","size":6},{"name":"description","size":6}],[{"name":"icon","size":6}]],"editRelations":[]},"isComponent":true}', 'object', '', '');
INSERT INTO core_store (id, "key", value, type, environment, tag) VALUES (44, 'plugin_content_manager_configuration_components::elements.feature-row', '{"uid":"elements.feature-row","settings":{"bulkable":true,"filterable":true,"searchable":true,"pageSize":10,"mainField":"title","defaultSortBy":"title","defaultSortOrder":"ASC"},"metadatas":{"id":{"edit":{},"list":{"label":"Id","searchable":false,"sortable":false}},"title":{"edit":{"label":"Title","description":"","placeholder":"","visible":true,"editable":true},"list":{"label":"Title","searchable":true,"sortable":true}},"description":{"edit":{"label":"Description","description":"","placeholder":"","visible":true,"editable":true},"list":{"label":"Description","searchable":true,"sortable":true}},"media":{"edit":{"label":"Media","description":"","placeholder":"","visible":true,"editable":true},"list":{"label":"Media","searchable":false,"sortable":false}},"link":{"edit":{"label":"Link","description":"","placeholder":"","visible":true,"editable":true},"list":{"label":"Link","searchable":false,"sortable":false}}},"layouts":{"list":["id","title","description","media"],"edit":[[{"name":"title","size":6},{"name":"description","size":6}],[{"name":"media","size":6}],[{"name":"link","size":12}]],"editRelations":[]},"isComponent":true}', 'object', '', '');
INSERT INTO core_store (id, "key", value, type, environment, tag) VALUES (45, 'plugin_content_manager_configuration_components::elements.feature', '{"uid":"elements.feature","settings":{"bulkable":true,"filterable":true,"searchable":true,"pageSize":10,"mainField":"name","defaultSortBy":"name","defaultSortOrder":"ASC"},"metadatas":{"id":{"edit":{},"list":{"label":"Id","searchable":false,"sortable":false}},"name":{"edit":{"label":"Name","description":"","placeholder":"","visible":true,"editable":true},"list":{"label":"Name","searchable":true,"sortable":true}}},"layouts":{"list":["id","name"],"edit":[[{"name":"name","size":6}]],"editRelations":[]},"isComponent":true}', 'object', '', '');
INSERT INTO core_store (id, "key", value, type, environment, tag) VALUES (46, 'plugin_content_manager_configuration_components::elements.footer-section', '{"uid":"elements.footer-section","settings":{"bulkable":true,"filterable":true,"searchable":true,"pageSize":10,"mainField":"title","defaultSortBy":"title","defaultSortOrder":"ASC"},"metadatas":{"id":{"edit":{},"list":{"label":"Id","searchable":false,"sortable":false}},"title":{"edit":{"label":"Title","description":"","placeholder":"","visible":true,"editable":true},"list":{"label":"Title","searchable":true,"sortable":true}},"links":{"edit":{"label":"Links","description":"","placeholder":"","visible":true,"editable":true},"list":{"label":"Links","searchable":false,"sortable":false}}},"layouts":{"list":["id","title"],"edit":[[{"name":"title","size":6}],[{"name":"links","size":12}]],"editRelations":[]},"isComponent":true}', 'object', '', '');
INSERT INTO core_store (id, "key", value, type, environment, tag) VALUES (47, 'plugin_content_manager_configuration_components::elements.logos', '{"uid":"elements.logos","settings":{"bulkable":true,"filterable":true,"searchable":true,"pageSize":10,"mainField":"title","defaultSortBy":"title","defaultSortOrder":"ASC"},"metadatas":{"id":{"edit":{},"list":{"label":"Id","searchable":false,"sortable":false}},"title":{"edit":{"label":"Title","description":"","placeholder":"","visible":true,"editable":true},"list":{"label":"Title","searchable":true,"sortable":true}},"logo":{"edit":{"label":"Logo","description":"","placeholder":"","visible":true,"editable":true},"list":{"label":"Logo","searchable":false,"sortable":false}}},"layouts":{"list":["id","title","logo"],"edit":[[{"name":"title","size":6},{"name":"logo","size":6}]],"editRelations":[]},"isComponent":true}', 'object', '', '');
INSERT INTO core_store (id, "key", value, type, environment, tag) VALUES (48, 'plugin_content_manager_configuration_components::elements.notification-banner', '{"uid":"elements.notification-banner","settings":{"bulkable":true,"filterable":true,"searchable":true,"pageSize":10,"mainField":"id","defaultSortBy":"id","defaultSortOrder":"ASC"},"metadatas":{"id":{"edit":{},"list":{"label":"Id","searchable":false,"sortable":false}},"text":{"edit":{"label":"Text","description":"","placeholder":"","visible":true,"editable":true},"list":{"label":"Text","searchable":false,"sortable":false}},"type":{"edit":{"label":"Type","description":"","placeholder":"","visible":true,"editable":true},"list":{"label":"Type","searchable":true,"sortable":true}}},"layouts":{"list":["id","type"],"edit":[[{"name":"text","size":12}],[{"name":"type","size":6}]],"editRelations":[]},"isComponent":true}', 'object', '', '');
INSERT INTO core_store (id, "key", value, type, environment, tag) VALUES (49, 'plugin_content_manager_configuration_components::elements.plan', '{"uid":"elements.plan","settings":{"bulkable":true,"filterable":true,"searchable":true,"pageSize":10,"mainField":"name","defaultSortBy":"name","defaultSortOrder":"ASC"},"metadatas":{"id":{"edit":{},"list":{"label":"Id","searchable":false,"sortable":false}},"name":{"edit":{"label":"Name","description":"","placeholder":"","visible":true,"editable":true},"list":{"label":"Name","searchable":true,"sortable":true}},"description":{"edit":{"label":"Description","description":"","placeholder":"","visible":true,"editable":true},"list":{"label":"Description","searchable":true,"sortable":true}},"features":{"edit":{"label":"Features","description":"","placeholder":"","visible":true,"editable":true},"list":{"label":"Features","searchable":false,"sortable":false}},"isRecommended":{"edit":{"label":"IsRecommended","description":"","placeholder":"","visible":true,"editable":true},"list":{"label":"IsRecommended","searchable":true,"sortable":true}},"price":{"edit":{"label":"Price","description":"","placeholder":"","visible":true,"editable":true},"list":{"label":"Price","searchable":true,"sortable":true}},"pricePeriod":{"edit":{"label":"PricePeriod","description":"","placeholder":"","visible":true,"editable":true},"list":{"label":"PricePeriod","searchable":true,"sortable":true}}},"layouts":{"list":["id","name","description","isRecommended"],"edit":[[{"name":"name","size":6},{"name":"description","size":6}],[{"name":"features","size":12}],[{"name":"isRecommended","size":4},{"name":"price","size":4}],[{"name":"pricePeriod","size":6}]],"editRelations":[]},"isComponent":true}', 'object', '', '');
INSERT INTO core_store (id, "key", value, type, environment, tag) VALUES (50, 'plugin_content_manager_configuration_components::elements.testimonial', '{"uid":"elements.testimonial","settings":{"bulkable":true,"filterable":true,"searchable":true,"pageSize":10,"mainField":"authorName","defaultSortBy":"authorName","defaultSortOrder":"ASC"},"metadatas":{"id":{"edit":{},"list":{"label":"Id","searchable":false,"sortable":false}},"logo":{"edit":{"label":"Logo","description":"","placeholder":"","visible":true,"editable":true},"list":{"label":"Logo","searchable":false,"sortable":false}},"picture":{"edit":{"label":"Picture","description":"","placeholder":"","visible":true,"editable":true},"list":{"label":"Picture","searchable":false,"sortable":false}},"text":{"edit":{"label":"Text","description":"","placeholder":"","visible":true,"editable":true},"list":{"label":"Text","searchable":true,"sortable":true}},"authorName":{"edit":{"label":"AuthorName","description":"","placeholder":"","visible":true,"editable":true},"list":{"label":"AuthorName","searchable":true,"sortable":true}},"authorTitle":{"edit":{"label":"AuthorTitle","description":"","placeholder":"","visible":true,"editable":true},"list":{"label":"AuthorTitle","searchable":true,"sortable":true}},"link":{"edit":{"label":"Link","description":"","placeholder":"","visible":true,"editable":true},"list":{"label":"Link","searchable":true,"sortable":true}}},"layouts":{"list":["id","logo","picture","text"],"edit":[[{"name":"logo","size":6},{"name":"picture","size":6}],[{"name":"text","size":6},{"name":"authorName","size":6}],[{"name":"authorTitle","size":6},{"name":"link","size":6}]],"editRelations":[]},"isComponent":true}', 'object', '', '');
INSERT INTO core_store (id, "key", value, type, environment, tag) VALUES (51, 'plugin_content_manager_configuration_components::layout.footer', '{"uid":"layout.footer","settings":{"bulkable":true,"filterable":true,"searchable":true,"pageSize":10,"mainField":"smallText","defaultSortBy":"smallText","defaultSortOrder":"ASC"},"metadatas":{"id":{"edit":{},"list":{"label":"Id","searchable":false,"sortable":false}},"logo":{"edit":{"label":"Logo","description":"","placeholder":"","visible":true,"editable":true},"list":{"label":"Logo","searchable":false,"sortable":false}},"columns":{"edit":{"label":"Columns","description":"","placeholder":"","visible":true,"editable":true},"list":{"label":"Columns","searchable":false,"sortable":false}},"smallText":{"edit":{"label":"SmallText","description":"","placeholder":"","visible":true,"editable":true},"list":{"label":"SmallText","searchable":true,"sortable":true}}},"layouts":{"list":["id","logo","smallText"],"edit":[[{"name":"logo","size":6}],[{"name":"columns","size":12}],[{"name":"smallText","size":6}]],"editRelations":[]},"isComponent":true}', 'object', '', '');
INSERT INTO core_store (id, "key", value, type, environment, tag) VALUES (52, 'plugin_content_manager_configuration_components::layout.navbar', '{"uid":"layout.navbar","settings":{"bulkable":true,"filterable":true,"searchable":true,"pageSize":10,"mainField":"id","defaultSortBy":"id","defaultSortOrder":"ASC"},"metadatas":{"id":{"edit":{},"list":{"label":"Id","searchable":false,"sortable":false}},"links":{"edit":{"label":"Links","description":"","placeholder":"","visible":true,"editable":true},"list":{"label":"Links","searchable":false,"sortable":false}},"button":{"edit":{"label":"Button","description":"","placeholder":"","visible":true,"editable":true},"list":{"label":"Button","searchable":false,"sortable":false}},"logo":{"edit":{"label":"Logo","description":"","placeholder":"","visible":true,"editable":true},"list":{"label":"Logo","searchable":false,"sortable":false}}},"layouts":{"list":["id","logo"],"edit":[[{"name":"links","size":12}],[{"name":"button","size":12}],[{"name":"logo","size":6}]],"editRelations":[]},"isComponent":true}', 'object', '', '');
INSERT INTO core_store (id, "key", value, type, environment, tag) VALUES (53, 'plugin_content_manager_configuration_components::links.button-link', '{"uid":"links.button-link","settings":{"bulkable":true,"filterable":true,"searchable":true,"pageSize":10,"mainField":"url","defaultSortBy":"url","defaultSortOrder":"ASC"},"metadatas":{"id":{"edit":{},"list":{"label":"Id","searchable":false,"sortable":false}},"url":{"edit":{"label":"Url","description":"","placeholder":"","visible":true,"editable":true},"list":{"label":"Url","searchable":true,"sortable":true}},"newTab":{"edit":{"label":"NewTab","description":"","placeholder":"","visible":true,"editable":true},"list":{"label":"NewTab","searchable":true,"sortable":true}},"text":{"edit":{"label":"Text","description":"","placeholder":"","visible":true,"editable":true},"list":{"label":"Text","searchable":true,"sortable":true}},"type":{"edit":{"label":"Type","description":"","placeholder":"","visible":true,"editable":true},"list":{"label":"Type","searchable":true,"sortable":true}}},"layouts":{"list":["id","url","newTab","text"],"edit":[[{"name":"url","size":6},{"name":"newTab","size":4}],[{"name":"text","size":6},{"name":"type","size":6}]],"editRelations":[]},"isComponent":true}', 'object', '', '');
INSERT INTO core_store (id, "key", value, type, environment, tag) VALUES (54, 'plugin_content_manager_configuration_components::links.button', '{"uid":"links.button","settings":{"bulkable":true,"filterable":true,"searchable":true,"pageSize":10,"mainField":"text","defaultSortBy":"text","defaultSortOrder":"ASC"},"metadatas":{"id":{"edit":{},"list":{"label":"Id","searchable":false,"sortable":false}},"text":{"edit":{"label":"Text","description":"","placeholder":"","visible":true,"editable":true},"list":{"label":"Text","searchable":true,"sortable":true}},"type":{"edit":{"label":"Type","description":"","placeholder":"","visible":true,"editable":true},"list":{"label":"Type","searchable":true,"sortable":true}}},"layouts":{"list":["id","text","type"],"edit":[[{"name":"text","size":6},{"name":"type","size":6}]],"editRelations":[]},"isComponent":true}', 'object', '', '');
INSERT INTO core_store (id, "key", value, type, environment, tag) VALUES (55, 'plugin_content_manager_configuration_components::links.link', '{"uid":"links.link","settings":{"bulkable":true,"filterable":true,"searchable":true,"pageSize":10,"mainField":"url","defaultSortBy":"url","defaultSortOrder":"ASC"},"metadatas":{"id":{"edit":{},"list":{"label":"Id","searchable":false,"sortable":false}},"url":{"edit":{"label":"Url","description":"","placeholder":"","visible":true,"editable":true},"list":{"label":"Url","searchable":true,"sortable":true}},"newTab":{"edit":{"label":"NewTab","description":"","placeholder":"","visible":true,"editable":true},"list":{"label":"NewTab","searchable":true,"sortable":true}},"text":{"edit":{"label":"Text","description":"","placeholder":"","visible":true,"editable":true},"list":{"label":"Text","searchable":true,"sortable":true}}},"layouts":{"list":["id","url","newTab","text"],"edit":[[{"name":"url","size":6},{"name":"newTab","size":4}],[{"name":"text","size":6}]],"editRelations":[]},"isComponent":true}', 'object', '', '');
INSERT INTO core_store (id, "key", value, type, environment, tag) VALUES (56, 'plugin_content_manager_configuration_components::meta.metadata', '{"uid":"meta.metadata","settings":{"bulkable":true,"filterable":true,"searchable":true,"pageSize":10,"mainField":"metaTitle","defaultSortBy":"metaTitle","defaultSortOrder":"ASC"},"metadatas":{"id":{"edit":{},"list":{"label":"Id","searchable":false,"sortable":false}},"metaTitle":{"edit":{"label":"MetaTitle","description":"","placeholder":"","visible":true,"editable":true},"list":{"label":"MetaTitle","searchable":true,"sortable":true}},"metaDescription":{"edit":{"label":"MetaDescription","description":"","placeholder":"","visible":true,"editable":true},"list":{"label":"MetaDescription","searchable":true,"sortable":true}},"shareImage":{"edit":{"label":"ShareImage","description":"","placeholder":"","visible":true,"editable":true},"list":{"label":"ShareImage","searchable":false,"sortable":false}},"twitterCardType":{"edit":{"label":"TwitterCardType","description":"","placeholder":"","visible":true,"editable":true},"list":{"label":"TwitterCardType","searchable":true,"sortable":true}},"twitterUsername":{"edit":{"label":"TwitterUsername","description":"","placeholder":"","visible":true,"editable":true},"list":{"label":"TwitterUsername","searchable":true,"sortable":true}}},"layouts":{"list":["id","metaTitle","metaDescription","shareImage"],"edit":[[{"name":"metaTitle","size":6},{"name":"metaDescription","size":6}],[{"name":"shareImage","size":6},{"name":"twitterCardType","size":6}],[{"name":"twitterUsername","size":6}]],"editRelations":[]},"isComponent":true}', 'object', '', '');
INSERT INTO core_store (id, "key", value, type, environment, tag) VALUES (57, 'plugin_content_manager_configuration_components::sections.bottom-actions', '{"uid":"sections.bottom-actions","settings":{"bulkable":true,"filterable":true,"searchable":true,"pageSize":10,"mainField":"title","defaultSortBy":"title","defaultSortOrder":"ASC"},"metadatas":{"id":{"edit":{},"list":{"label":"Id","searchable":false,"sortable":false}},"title":{"edit":{"label":"Title","description":"","placeholder":"","visible":true,"editable":true},"list":{"label":"Title","searchable":true,"sortable":true}},"buttons":{"edit":{"label":"Buttons","description":"","placeholder":"","visible":true,"editable":true},"list":{"label":"Buttons","searchable":false,"sortable":false}}},"layouts":{"list":["id","title"],"edit":[[{"name":"title","size":6}],[{"name":"buttons","size":12}]],"editRelations":[]},"isComponent":true}', 'object', '', '');
INSERT INTO core_store (id, "key", value, type, environment, tag) VALUES (58, 'plugin_content_manager_configuration_components::sections.feature-columns-group', '{"uid":"sections.feature-columns-group","settings":{"bulkable":true,"filterable":true,"searchable":true,"pageSize":10,"mainField":"id","defaultSortBy":"id","defaultSortOrder":"ASC"},"metadatas":{"id":{"edit":{},"list":{"label":"Id","searchable":false,"sortable":false}},"features":{"edit":{"label":"Features","description":"","placeholder":"","visible":true,"editable":true},"list":{"label":"Features","searchable":false,"sortable":false}}},"layouts":{"list":["id"],"edit":[[{"name":"features","size":12}]],"editRelations":[]},"isComponent":true}', 'object', '', '');
INSERT INTO core_store (id, "key", value, type, environment, tag) VALUES (59, 'plugin_content_manager_configuration_components::sections.feature-rows-group', '{"uid":"sections.feature-rows-group","settings":{"bulkable":true,"filterable":true,"searchable":true,"pageSize":10,"mainField":"id","defaultSortBy":"id","defaultSortOrder":"ASC"},"metadatas":{"id":{"edit":{},"list":{"label":"Id","searchable":false,"sortable":false}},"features":{"edit":{"label":"Features","description":"","placeholder":"","visible":true,"editable":true},"list":{"label":"Features","searchable":false,"sortable":false}}},"layouts":{"list":["id"],"edit":[[{"name":"features","size":12}]],"editRelations":[]},"isComponent":true}', 'object', '', '');
INSERT INTO core_store (id, "key", value, type, environment, tag) VALUES (60, 'plugin_content_manager_configuration_components::sections.hero', '{"uid":"sections.hero","settings":{"bulkable":true,"filterable":true,"searchable":true,"pageSize":10,"mainField":"title","defaultSortBy":"title","defaultSortOrder":"ASC"},"metadatas":{"id":{"edit":{},"list":{"label":"Id","searchable":false,"sortable":false}},"title":{"edit":{"label":"Title","description":"","placeholder":"","visible":true,"editable":true},"list":{"label":"Title","searchable":true,"sortable":true}},"label":{"edit":{"label":"Label","description":"","placeholder":"","visible":true,"editable":true},"list":{"label":"Label","searchable":true,"sortable":true}},"description":{"edit":{"label":"Description","description":"","placeholder":"","visible":true,"editable":true},"list":{"label":"Description","searchable":true,"sortable":true}},"picture":{"edit":{"label":"Picture","description":"","placeholder":"","visible":true,"editable":true},"list":{"label":"Picture","searchable":false,"sortable":false}},"smallTextWithLink":{"edit":{"label":"SmallTextWithLink","description":"","placeholder":"","visible":true,"editable":true},"list":{"label":"SmallTextWithLink","searchable":false,"sortable":false}},"buttons":{"edit":{"label":"Buttons","description":"","placeholder":"","visible":true,"editable":true},"list":{"label":"Buttons","searchable":false,"sortable":false}}},"layouts":{"list":["id","title","label","description"],"edit":[[{"name":"title","size":6},{"name":"label","size":6}],[{"name":"description","size":6},{"name":"picture","size":6}],[{"name":"smallTextWithLink","size":12}],[{"name":"buttons","size":12}]],"editRelations":[]},"isComponent":true}', 'object', '', '');
INSERT INTO core_store (id, "key", value, type, environment, tag) VALUES (61, 'plugin_content_manager_configuration_components::sections.large-video', '{"uid":"sections.large-video","settings":{"bulkable":true,"filterable":true,"searchable":true,"pageSize":10,"mainField":"title","defaultSortBy":"title","defaultSortOrder":"ASC"},"metadatas":{"id":{"edit":{},"list":{"label":"Id","searchable":false,"sortable":false}},"title":{"edit":{"label":"Title","description":"","placeholder":"","visible":true,"editable":true},"list":{"label":"Title","searchable":true,"sortable":true}},"description":{"edit":{"label":"Description","description":"","placeholder":"","visible":true,"editable":true},"list":{"label":"Description","searchable":true,"sortable":true}},"video":{"edit":{"label":"Video","description":"","placeholder":"","visible":true,"editable":true},"list":{"label":"Video","searchable":false,"sortable":false}},"poster":{"edit":{"label":"Poster","description":"","placeholder":"","visible":true,"editable":true},"list":{"label":"Poster","searchable":false,"sortable":false}}},"layouts":{"list":["id","title","description","video"],"edit":[[{"name":"title","size":6},{"name":"description","size":6}],[{"name":"video","size":6},{"name":"poster","size":6}]],"editRelations":[]},"isComponent":true}', 'object', '', '');
INSERT INTO core_store (id, "key", value, type, environment, tag) VALUES (62, 'plugin_content_manager_configuration_components::sections.lead-form', '{"uid":"sections.lead-form","settings":{"bulkable":true,"filterable":true,"searchable":true,"pageSize":10,"mainField":"title","defaultSortBy":"title","defaultSortOrder":"ASC"},"metadatas":{"id":{"edit":{},"list":{"label":"Id","searchable":false,"sortable":false}},"title":{"edit":{"label":"Title","description":"","placeholder":"","visible":true,"editable":true},"list":{"label":"Title","searchable":true,"sortable":true}},"emailPlaceholder":{"edit":{"label":"EmailPlaceholder","description":"","placeholder":"","visible":true,"editable":true},"list":{"label":"EmailPlaceholder","searchable":true,"sortable":true}},"submitButton":{"edit":{"label":"SubmitButton","description":"","placeholder":"","visible":true,"editable":true},"list":{"label":"SubmitButton","searchable":false,"sortable":false}},"location":{"edit":{"label":"Location","description":"","placeholder":"","visible":true,"editable":true},"list":{"label":"Location","searchable":true,"sortable":true}}},"layouts":{"list":["id","title","emailPlaceholder","location"],"edit":[[{"name":"title","size":6},{"name":"emailPlaceholder","size":6}],[{"name":"submitButton","size":12}],[{"name":"location","size":6}]],"editRelations":[]},"isComponent":true}', 'object', '', '');
INSERT INTO core_store (id, "key", value, type, environment, tag) VALUES (63, 'plugin_content_manager_configuration_components::sections.pricing', '{"uid":"sections.pricing","settings":{"bulkable":true,"filterable":true,"searchable":true,"pageSize":10,"mainField":"title","defaultSortBy":"title","defaultSortOrder":"ASC"},"metadatas":{"id":{"edit":{},"list":{"label":"Id","searchable":false,"sortable":false}},"title":{"edit":{"label":"Title","description":"","placeholder":"","visible":true,"editable":true},"list":{"label":"Title","searchable":true,"sortable":true}},"plans":{"edit":{"label":"Plans","description":"","placeholder":"","visible":true,"editable":true},"list":{"label":"Plans","searchable":false,"sortable":false}}},"layouts":{"list":["id","title"],"edit":[[{"name":"title","size":6}],[{"name":"plans","size":12}]],"editRelations":[]},"isComponent":true}', 'object', '', '');
INSERT INTO core_store (id, "key", value, type, environment, tag) VALUES (64, 'plugin_content_manager_configuration_components::sections.rich-text', '{"uid":"sections.rich-text","settings":{"bulkable":true,"filterable":true,"searchable":true,"pageSize":10,"mainField":"id","defaultSortBy":"id","defaultSortOrder":"ASC"},"metadatas":{"id":{"edit":{},"list":{"label":"Id","searchable":false,"sortable":false}},"content":{"edit":{"label":"Content","description":"","placeholder":"","visible":true,"editable":true},"list":{"label":"Content","searchable":false,"sortable":false}}},"layouts":{"list":["id"],"edit":[[{"name":"content","size":12}]],"editRelations":[]},"isComponent":true}', 'object', '', '');
INSERT INTO core_store (id, "key", value, type, environment, tag) VALUES (65, 'plugin_content_manager_configuration_components::sections.testimonials-group', '{"uid":"sections.testimonials-group","settings":{"bulkable":true,"filterable":true,"searchable":true,"pageSize":10,"mainField":"title","defaultSortBy":"title","defaultSortOrder":"ASC"},"metadatas":{"id":{"edit":{},"list":{"label":"Id","searchable":false,"sortable":false}},"title":{"edit":{"label":"Title","description":"","placeholder":"","visible":true,"editable":true},"list":{"label":"Title","searchable":true,"sortable":true}},"description":{"edit":{"label":"Description","description":"","placeholder":"","visible":true,"editable":true},"list":{"label":"Description","searchable":true,"sortable":true}},"link":{"edit":{"label":"Link","description":"","placeholder":"","visible":true,"editable":true},"list":{"label":"Link","searchable":false,"sortable":false}},"logos":{"edit":{"label":"Logos","description":"","placeholder":"","visible":true,"editable":true},"list":{"label":"Logos","searchable":false,"sortable":false}},"testimonials":{"edit":{"label":"Testimonials","description":"","placeholder":"","visible":true,"editable":true},"list":{"label":"Testimonials","searchable":false,"sortable":false}}},"layouts":{"list":["id","title","description"],"edit":[[{"name":"title","size":6},{"name":"description","size":6}],[{"name":"link","size":12}],[{"name":"logos","size":12}],[{"name":"testimonials","size":12}]],"editRelations":[]},"isComponent":true}', 'object', '', '');
INSERT INTO core_store (id, "key", value, type, environment, tag) VALUES (66, 'plugin_users-permissions_email', '{"reset_password":{"display":"Email.template.reset_password","icon":"sync","options":{"from":{"name":"Administration Panel","email":"no-reply@strapi.io"},"response_email":"","object":"Reset password","message":"<p>We heard that you lost your password. Sorry about that!</p>\n\n<p>But don’t worry! You can use the following link to reset your password:</p>\n<p><%= URL %>?code=<%= TOKEN %></p>\n\n<p>Thanks.</p>"}},"email_confirmation":{"display":"Email.template.email_confirmation","icon":"check-square","options":{"from":{"name":"Administration Panel","email":"no-reply@strapi.io"},"response_email":"","object":"Account confirmation","message":"<p>Thank you for registering!</p>\n\n<p>You have to confirm your email address. Please click on the link below.</p>\n\n<p><%= URL %>?confirmation=<%= CODE %></p>\n\n<p>Thanks.</p>"}}}', 'object', '', '');
INSERT INTO core_store (id, "key", value, type, environment, tag) VALUES (67, 'plugin_content_manager_configuration_content_types::application::article.article', '{"uid":"application::article.article","settings":{"bulkable":true,"filterable":true,"searchable":true,"pageSize":10,"mainField":"title","defaultSortBy":"title","defaultSortOrder":"ASC"},"metadatas":{"id":{"edit":{},"list":{"label":"Id","searchable":true,"sortable":true}},"title":{"edit":{"label":"Title","description":"","placeholder":"","visible":true,"editable":true},"list":{"label":"Title","searchable":true,"sortable":true}},"description":{"edit":{"label":"Description","description":"","placeholder":"","visible":true,"editable":true},"list":{"label":"Description","searchable":true,"sortable":true}},"content":{"edit":{"label":"Content","description":"","placeholder":"","visible":true,"editable":true},"list":{"label":"Content","searchable":false,"sortable":false}},"slug":{"edit":{"label":"Slug","description":"","placeholder":"","visible":true,"editable":true},"list":{"label":"Slug","searchable":true,"sortable":true}},"image":{"edit":{"label":"Image","description":"","placeholder":"","visible":true,"editable":true},"list":{"label":"Image","searchable":false,"sortable":false}},"category":{"edit":{"label":"Category","description":"","placeholder":"","visible":true,"editable":true,"mainField":"name"},"list":{"label":"Category","searchable":true,"sortable":true}},"author":{"edit":{"label":"Author","description":"","placeholder":"","visible":true,"editable":true,"mainField":"name"},"list":{"label":"Author","searchable":true,"sortable":true}},"created_at":{"edit":{"label":"Created_at","description":"","placeholder":"","visible":false,"editable":true},"list":{"label":"Created_at","searchable":true,"sortable":true}},"updated_at":{"edit":{"label":"Updated_at","description":"","placeholder":"","visible":false,"editable":true},"list":{"label":"Updated_at","searchable":true,"sortable":true}}},"layouts":{"list":["id","title","description","slug"],"editRelations":["category","author"],"edit":[[{"name":"title","size":6},{"name":"description","size":6}],[{"name":"content","size":12}],[{"name":"slug","size":6},{"name":"image","size":6}]]}}', 'object', '', '');
INSERT INTO core_store (id, "key", value, type, environment, tag) VALUES (68, 'plugin_content_manager_configuration_content_types::application::category.category', '{"uid":"application::category.category","settings":{"bulkable":true,"filterable":true,"searchable":true,"pageSize":10,"mainField":"name","defaultSortBy":"name","defaultSortOrder":"ASC"},"metadatas":{"id":{"edit":{},"list":{"label":"Id","searchable":true,"sortable":true}},"name":{"edit":{"label":"Name","description":"","placeholder":"","visible":true,"editable":true},"list":{"label":"Name","searchable":true,"sortable":true}},"slug":{"edit":{"label":"Slug","description":"","placeholder":"","visible":true,"editable":true},"list":{"label":"Slug","searchable":true,"sortable":true}},"articles":{"edit":{"label":"Articles","description":"","placeholder":"","visible":true,"editable":true,"mainField":"title"},"list":{"label":"Articles","searchable":false,"sortable":false}},"created_at":{"edit":{"label":"Created_at","description":"","placeholder":"","visible":false,"editable":true},"list":{"label":"Created_at","searchable":true,"sortable":true}},"updated_at":{"edit":{"label":"Updated_at","description":"","placeholder":"","visible":false,"editable":true},"list":{"label":"Updated_at","searchable":true,"sortable":true}}},"layouts":{"list":["id","name","slug","articles"],"editRelations":["articles"],"edit":[[{"name":"name","size":6},{"name":"slug","size":6}]]}}', 'object', '', '');
INSERT INTO core_store (id, "key", value, type, environment, tag) VALUES (69, 'plugin_content_manager_configuration_content_types::application::global.global', '{"uid":"application::global.global","settings":{"bulkable":true,"filterable":true,"searchable":true,"pageSize":10,"mainField":"metaTitleSuffix","defaultSortBy":"metaTitleSuffix","defaultSortOrder":"ASC"},"metadatas":{"id":{"edit":{},"list":{"label":"Id","searchable":true,"sortable":true}},"metadata":{"edit":{"label":"Metadata","description":"","placeholder":"","visible":true,"editable":true},"list":{"label":"Metadata","searchable":false,"sortable":false}},"metaTitleSuffix":{"edit":{"label":"MetaTitleSuffix","description":"","placeholder":"","visible":true,"editable":true},"list":{"label":"MetaTitleSuffix","searchable":true,"sortable":true}},"favicon":{"edit":{"label":"Favicon","description":"","placeholder":"","visible":true,"editable":true},"list":{"label":"Favicon","searchable":false,"sortable":false}},"notificationBanner":{"edit":{"label":"NotificationBanner","description":"","placeholder":"","visible":true,"editable":true},"list":{"label":"NotificationBanner","searchable":false,"sortable":false}},"navbar":{"edit":{"label":"Navbar","description":"","placeholder":"","visible":true,"editable":true},"list":{"label":"Navbar","searchable":false,"sortable":false}},"banner":{"edit":{"label":"Banner","description":"","placeholder":"","visible":true,"editable":true},"list":{"label":"Banner","searchable":false,"sortable":false}},"footer":{"edit":{"label":"Footer","description":"","placeholder":"","visible":true,"editable":true},"list":{"label":"Footer","searchable":false,"sortable":false}},"created_at":{"edit":{"label":"Created_at","description":"","placeholder":"","visible":false,"editable":true},"list":{"label":"Created_at","searchable":true,"sortable":true}},"updated_at":{"edit":{"label":"Updated_at","description":"","placeholder":"","visible":false,"editable":true},"list":{"label":"Updated_at","searchable":true,"sortable":true}}},"layouts":{"list":["id","metaTitleSuffix","favicon","created_at"],"edit":[[{"name":"metadata","size":12}],[{"name":"metaTitleSuffix","size":6},{"name":"favicon","size":6}],[{"name":"notificationBanner","size":12}],[{"name":"navbar","size":12}],[{"name":"footer","size":12}],[{"name":"banner","size":12}]],"editRelations":[]}}', 'object', '', '');
INSERT INTO core_store (id, "key", value, type, environment, tag) VALUES (70, 'plugin_content_manager_configuration_content_types::application::lead-form-submissions.lead-form-submissions', '{"uid":"application::lead-form-submissions.lead-form-submissions","settings":{"bulkable":true,"filterable":true,"searchable":true,"pageSize":10,"mainField":"email","defaultSortBy":"email","defaultSortOrder":"ASC"},"metadatas":{"id":{"edit":{},"list":{"label":"Id","searchable":true,"sortable":true}},"email":{"edit":{"label":"Email","description":"","placeholder":"","visible":true,"editable":true},"list":{"label":"Email","searchable":true,"sortable":true}},"status":{"edit":{"label":"Status","description":"","placeholder":"","visible":true,"editable":true},"list":{"label":"Status","searchable":true,"sortable":true}},"location":{"edit":{"label":"Location","description":"","placeholder":"","visible":true,"editable":true},"list":{"label":"Location","searchable":true,"sortable":true}},"created_at":{"edit":{"label":"Created_at","description":"","placeholder":"","visible":false,"editable":true},"list":{"label":"Created_at","searchable":true,"sortable":true}},"updated_at":{"edit":{"label":"Updated_at","description":"","placeholder":"","visible":false,"editable":true},"list":{"label":"Updated_at","searchable":true,"sortable":true}}},"layouts":{"list":["id","email","status","location"],"editRelations":[],"edit":[[{"name":"email","size":6},{"name":"status","size":6}],[{"name":"location","size":6}]]}}', 'object', '', '');
INSERT INTO core_store (id, "key", value, type, environment, tag) VALUES (71, 'plugin_content_manager_configuration_content_types::application::page.page', '{"uid":"application::page.page","settings":{"bulkable":true,"filterable":true,"searchable":true,"pageSize":10,"mainField":"shortName","defaultSortBy":"shortName","defaultSortOrder":"ASC"},"metadatas":{"id":{"edit":{},"list":{"label":"Id","searchable":true,"sortable":true}},"shortName":{"edit":{"label":"ShortName","description":"","placeholder":"","visible":true,"editable":true},"list":{"label":"ShortName","searchable":true,"sortable":true}},"metadata":{"edit":{"label":"Metadata","description":"","placeholder":"","visible":true,"editable":true},"list":{"label":"Metadata","searchable":false,"sortable":false}},"contentSections":{"edit":{"label":"ContentSections","description":"","placeholder":"","visible":true,"editable":true},"list":{"label":"ContentSections","searchable":false,"sortable":false}},"status":{"edit":{"label":"Status","description":"","placeholder":"","visible":true,"editable":true},"list":{"label":"Status","searchable":true,"sortable":true}},"slug":{"edit":{"label":"Slug","description":"","placeholder":"","visible":true,"editable":true},"list":{"label":"Slug","searchable":true,"sortable":true}},"created_at":{"edit":{"label":"Created_at","description":"","placeholder":"","visible":false,"editable":true},"list":{"label":"Created_at","searchable":true,"sortable":true}},"updated_at":{"edit":{"label":"Updated_at","description":"","placeholder":"","visible":false,"editable":true},"list":{"label":"Updated_at","searchable":true,"sortable":true}}},"layouts":{"list":["id","shortName","status","slug"],"editRelations":[],"edit":[[{"name":"shortName","size":6}],[{"name":"metadata","size":12}],[{"name":"contentSections","size":12}],[{"name":"status","size":6},{"name":"slug","size":6}]]}}', 'object', '', '');
INSERT INTO core_store (id, "key", value, type, environment, tag) VALUES (72, 'plugin_content_manager_configuration_content_types::application::writer.writer', '{"uid":"application::writer.writer","settings":{"bulkable":true,"filterable":true,"searchable":true,"pageSize":10,"mainField":"name","defaultSortBy":"name","defaultSortOrder":"ASC"},"metadatas":{"id":{"edit":{},"list":{"label":"Id","searchable":true,"sortable":true}},"name":{"edit":{"label":"Name","description":"","placeholder":"","visible":true,"editable":true},"list":{"label":"Name","searchable":true,"sortable":true}},"picture":{"edit":{"label":"Picture","description":"","placeholder":"","visible":true,"editable":true},"list":{"label":"Picture","searchable":false,"sortable":false}},"articles":{"edit":{"label":"Articles","description":"","placeholder":"","visible":true,"editable":true,"mainField":"title"},"list":{"label":"Articles","searchable":false,"sortable":false}},"email":{"edit":{"label":"Email","description":"","placeholder":"","visible":true,"editable":true},"list":{"label":"Email","searchable":true,"sortable":true}},"created_at":{"edit":{"label":"Created_at","description":"","placeholder":"","visible":false,"editable":true},"list":{"label":"Created_at","searchable":true,"sortable":true}},"updated_at":{"edit":{"label":"Updated_at","description":"","placeholder":"","visible":false,"editable":true},"list":{"label":"Updated_at","searchable":true,"sortable":true}}},"layouts":{"list":["id","name","picture","articles"],"editRelations":["articles"],"edit":[[{"name":"name","size":6},{"name":"picture","size":6}],[{"name":"email","size":6}]]}}', 'object', '', '');
INSERT INTO core_store (id, "key", value, type, environment, tag) VALUES (73, 'plugin_content_manager_configuration_content_types::strapi::permission', '{"uid":"strapi::permission","settings":{"bulkable":true,"filterable":true,"searchable":true,"pageSize":10,"mainField":"action","defaultSortBy":"action","defaultSortOrder":"ASC"},"metadatas":{"id":{"edit":{},"list":{"label":"Id","searchable":true,"sortable":true}},"action":{"edit":{"label":"Action","description":"","placeholder":"","visible":true,"editable":true},"list":{"label":"Action","searchable":true,"sortable":true}},"subject":{"edit":{"label":"Subject","description":"","placeholder":"","visible":true,"editable":true},"list":{"label":"Subject","searchable":true,"sortable":true}},"properties":{"edit":{"label":"Properties","description":"","placeholder":"","visible":true,"editable":true},"list":{"label":"Properties","searchable":false,"sortable":false}},"conditions":{"edit":{"label":"Conditions","description":"","placeholder":"","visible":true,"editable":true},"list":{"label":"Conditions","searchable":false,"sortable":false}},"role":{"edit":{"label":"Role","description":"","placeholder":"","visible":true,"editable":true,"mainField":"name"},"list":{"label":"Role","searchable":true,"sortable":true}},"created_at":{"edit":{"label":"Created_at","description":"","placeholder":"","visible":false,"editable":true},"list":{"label":"Created_at","searchable":true,"sortable":true}},"updated_at":{"edit":{"label":"Updated_at","description":"","placeholder":"","visible":false,"editable":true},"list":{"label":"Updated_at","searchable":true,"sortable":true}}},"layouts":{"list":["id","action","subject","role"],"editRelations":["role"],"edit":[[{"name":"action","size":6},{"name":"subject","size":6}],[{"name":"properties","size":12}],[{"name":"conditions","size":12}]]}}', 'object', '', '');
INSERT INTO core_store (id, "key", value, type, environment, tag) VALUES (74, 'plugin_content_manager_configuration_content_types::strapi::role', '{"uid":"strapi::role","settings":{"bulkable":true,"filterable":true,"searchable":true,"pageSize":10,"mainField":"name","defaultSortBy":"name","defaultSortOrder":"ASC"},"metadatas":{"id":{"edit":{},"list":{"label":"Id","searchable":true,"sortable":true}},"name":{"edit":{"label":"Name","description":"","placeholder":"","visible":true,"editable":true},"list":{"label":"Name","searchable":true,"sortable":true}},"code":{"edit":{"label":"Code","description":"","placeholder":"","visible":true,"editable":true},"list":{"label":"Code","searchable":true,"sortable":true}},"description":{"edit":{"label":"Description","description":"","placeholder":"","visible":true,"editable":true},"list":{"label":"Description","searchable":true,"sortable":true}},"users":{"edit":{"label":"Users","description":"","placeholder":"","visible":true,"editable":true,"mainField":"firstname"},"list":{"label":"Users","searchable":false,"sortable":false}},"permissions":{"edit":{"label":"Permissions","description":"","placeholder":"","visible":true,"editable":true,"mainField":"action"},"list":{"label":"Permissions","searchable":false,"sortable":false}},"created_at":{"edit":{"label":"Created_at","description":"","placeholder":"","visible":false,"editable":true},"list":{"label":"Created_at","searchable":true,"sortable":true}},"updated_at":{"edit":{"label":"Updated_at","description":"","placeholder":"","visible":false,"editable":true},"list":{"label":"Updated_at","searchable":true,"sortable":true}}},"layouts":{"list":["id","name","code","description"],"editRelations":["users","permissions"],"edit":[[{"name":"name","size":6},{"name":"code","size":6}],[{"name":"description","size":6}]]}}', 'object', '', '');
INSERT INTO core_store (id, "key", value, type, environment, tag) VALUES (75, 'plugin_content_manager_configuration_content_types::strapi::user', '{"uid":"strapi::user","settings":{"bulkable":true,"filterable":true,"searchable":true,"pageSize":10,"mainField":"firstname","defaultSortBy":"firstname","defaultSortOrder":"ASC"},"metadatas":{"id":{"edit":{},"list":{"label":"Id","searchable":true,"sortable":true}},"firstname":{"edit":{"label":"Firstname","description":"","placeholder":"","visible":true,"editable":true},"list":{"label":"Firstname","searchable":true,"sortable":true}},"lastname":{"edit":{"label":"Lastname","description":"","placeholder":"","visible":true,"editable":true},"list":{"label":"Lastname","searchable":true,"sortable":true}},"username":{"edit":{"label":"Username","description":"","placeholder":"","visible":true,"editable":true},"list":{"label":"Username","searchable":true,"sortable":true}},"email":{"edit":{"label":"Email","description":"","placeholder":"","visible":true,"editable":true},"list":{"label":"Email","searchable":true,"sortable":true}},"password":{"edit":{"label":"Password","description":"","placeholder":"","visible":true,"editable":true},"list":{"label":"Password","searchable":true,"sortable":true}},"resetPasswordToken":{"edit":{"label":"ResetPasswordToken","description":"","placeholder":"","visible":true,"editable":true},"list":{"label":"ResetPasswordToken","searchable":true,"sortable":true}},"registrationToken":{"edit":{"label":"RegistrationToken","description":"","placeholder":"","visible":true,"editable":true},"list":{"label":"RegistrationToken","searchable":true,"sortable":true}},"isActive":{"edit":{"label":"IsActive","description":"","placeholder":"","visible":true,"editable":true},"list":{"label":"IsActive","searchable":true,"sortable":true}},"roles":{"edit":{"label":"Roles","description":"","placeholder":"","visible":true,"editable":true,"mainField":"name"},"list":{"label":"Roles","searchable":false,"sortable":false}},"blocked":{"edit":{"label":"Blocked","description":"","placeholder":"","visible":true,"editable":true},"list":{"label":"Blocked","searchable":true,"sortable":true}},"preferedLanguage":{"edit":{"label":"PreferedLanguage","description":"","placeholder":"","visible":true,"editable":true},"list":{"label":"PreferedLanguage","searchable":true,"sortable":true}}},"layouts":{"list":["id","firstname","lastname","username"],"editRelations":["roles"],"edit":[[{"name":"firstname","size":6},{"name":"lastname","size":6}],[{"name":"username","size":6},{"name":"email","size":6}],[{"name":"password","size":6},{"name":"resetPasswordToken","size":6}],[{"name":"registrationToken","size":6},{"name":"isActive","size":4}],[{"name":"blocked","size":4},{"name":"preferedLanguage","size":6}]]}}', 'object', '', '');
INSERT INTO core_store (id, "key", value, type, environment, tag) VALUES (76, 'plugin_content_manager_configuration_content_types::plugins::i18n.locale', '{"uid":"plugins::i18n.locale","settings":{"bulkable":true,"filterable":true,"searchable":true,"pageSize":10,"mainField":"name","defaultSortBy":"name","defaultSortOrder":"ASC"},"metadatas":{"id":{"edit":{},"list":{"label":"Id","searchable":true,"sortable":true}},"name":{"edit":{"label":"Name","description":"","placeholder":"","visible":true,"editable":true},"list":{"label":"Name","searchable":true,"sortable":true}},"code":{"edit":{"label":"Code","description":"","placeholder":"","visible":true,"editable":true},"list":{"label":"Code","searchable":true,"sortable":true}},"created_at":{"edit":{"label":"Created_at","description":"","placeholder":"","visible":false,"editable":true},"list":{"label":"Created_at","searchable":true,"sortable":true}},"updated_at":{"edit":{"label":"Updated_at","description":"","placeholder":"","visible":false,"editable":true},"list":{"label":"Updated_at","searchable":true,"sortable":true}}},"layouts":{"list":["id","name","code","created_at"],"editRelations":[],"edit":[[{"name":"name","size":6},{"name":"code","size":6}]]}}', 'object', '', '');
INSERT INTO core_store (id, "key", value, type, environment, tag) VALUES (77, 'plugin_content_manager_configuration_content_types::plugins::upload.file', '{"uid":"plugins::upload.file","settings":{"bulkable":true,"filterable":true,"searchable":true,"pageSize":10,"mainField":"name","defaultSortBy":"name","defaultSortOrder":"ASC"},"metadatas":{"id":{"edit":{},"list":{"label":"Id","searchable":true,"sortable":true}},"name":{"edit":{"label":"Name","description":"","placeholder":"","visible":true,"editable":true},"list":{"label":"Name","searchable":true,"sortable":true}},"alternativeText":{"edit":{"label":"AlternativeText","description":"","placeholder":"","visible":true,"editable":true},"list":{"label":"AlternativeText","searchable":true,"sortable":true}},"caption":{"edit":{"label":"Caption","description":"","placeholder":"","visible":true,"editable":true},"list":{"label":"Caption","searchable":true,"sortable":true}},"width":{"edit":{"label":"Width","description":"","placeholder":"","visible":true,"editable":true},"list":{"label":"Width","searchable":true,"sortable":true}},"height":{"edit":{"label":"Height","description":"","placeholder":"","visible":true,"editable":true},"list":{"label":"Height","searchable":true,"sortable":true}},"formats":{"edit":{"label":"Formats","description":"","placeholder":"","visible":true,"editable":true},"list":{"label":"Formats","searchable":false,"sortable":false}},"hash":{"edit":{"label":"Hash","description":"","placeholder":"","visible":true,"editable":true},"list":{"label":"Hash","searchable":true,"sortable":true}},"ext":{"edit":{"label":"Ext","description":"","placeholder":"","visible":true,"editable":true},"list":{"label":"Ext","searchable":true,"sortable":true}},"mime":{"edit":{"label":"Mime","description":"","placeholder":"","visible":true,"editable":true},"list":{"label":"Mime","searchable":true,"sortable":true}},"size":{"edit":{"label":"Size","description":"","placeholder":"","visible":true,"editable":true},"list":{"label":"Size","searchable":true,"sortable":true}},"url":{"edit":{"label":"Url","description":"","placeholder":"","visible":true,"editable":true},"list":{"label":"Url","searchable":true,"sortable":true}},"previewUrl":{"edit":{"label":"PreviewUrl","description":"","placeholder":"","visible":true,"editable":true},"list":{"label":"PreviewUrl","searchable":true,"sortable":true}},"provider":{"edit":{"label":"Provider","description":"","placeholder":"","visible":true,"editable":true},"list":{"label":"Provider","searchable":true,"sortable":true}},"provider_metadata":{"edit":{"label":"Provider_metadata","description":"","placeholder":"","visible":true,"editable":true},"list":{"label":"Provider_metadata","searchable":false,"sortable":false}},"related":{"edit":{"label":"Related","description":"","placeholder":"","visible":true,"editable":true},"list":{"label":"Related","searchable":false,"sortable":false}},"created_at":{"edit":{"label":"Created_at","description":"","placeholder":"","visible":false,"editable":true},"list":{"label":"Created_at","searchable":true,"sortable":true}},"updated_at":{"edit":{"label":"Updated_at","description":"","placeholder":"","visible":false,"editable":true},"list":{"label":"Updated_at","searchable":true,"sortable":true}}},"layouts":{"list":["id","name","alternativeText","caption"],"editRelations":["related"],"edit":[[{"name":"name","size":6},{"name":"alternativeText","size":6}],[{"name":"caption","size":6},{"name":"width","size":4}],[{"name":"height","size":4}],[{"name":"formats","size":12}],[{"name":"hash","size":6},{"name":"ext","size":6}],[{"name":"mime","size":6},{"name":"size","size":4}],[{"name":"url","size":6},{"name":"previewUrl","size":6}],[{"name":"provider","size":6}],[{"name":"provider_metadata","size":12}]]}}', 'object', '', '');
INSERT INTO core_store (id, "key", value, type, environment, tag) VALUES (78, 'plugin_content_manager_configuration_content_types::plugins::users-permissions.permission', '{"uid":"plugins::users-permissions.permission","settings":{"bulkable":true,"filterable":true,"searchable":true,"pageSize":10,"mainField":"type","defaultSortBy":"type","defaultSortOrder":"ASC"},"metadatas":{"id":{"edit":{},"list":{"label":"Id","searchable":true,"sortable":true}},"type":{"edit":{"label":"Type","description":"","placeholder":"","visible":true,"editable":true},"list":{"label":"Type","searchable":true,"sortable":true}},"controller":{"edit":{"label":"Controller","description":"","placeholder":"","visible":true,"editable":true},"list":{"label":"Controller","searchable":true,"sortable":true}},"action":{"edit":{"label":"Action","description":"","placeholder":"","visible":true,"editable":true},"list":{"label":"Action","searchable":true,"sortable":true}},"enabled":{"edit":{"label":"Enabled","description":"","placeholder":"","visible":true,"editable":true},"list":{"label":"Enabled","searchable":true,"sortable":true}},"policy":{"edit":{"label":"Policy","description":"","placeholder":"","visible":true,"editable":true},"list":{"label":"Policy","searchable":true,"sortable":true}},"role":{"edit":{"label":"Role","description":"","placeholder":"","visible":true,"editable":true,"mainField":"name"},"list":{"label":"Role","searchable":true,"sortable":true}}},"layouts":{"list":["id","type","controller","action"],"editRelations":["role"],"edit":[[{"name":"type","size":6},{"name":"controller","size":6}],[{"name":"action","size":6},{"name":"enabled","size":4}],[{"name":"policy","size":6}]]}}', 'object', '', '');
INSERT INTO core_store (id, "key", value, type, environment, tag) VALUES (79, 'plugin_content_manager_configuration_content_types::plugins::users-permissions.role', '{"uid":"plugins::users-permissions.role","settings":{"bulkable":true,"filterable":true,"searchable":true,"pageSize":10,"mainField":"name","defaultSortBy":"name","defaultSortOrder":"ASC"},"metadatas":{"id":{"edit":{},"list":{"label":"Id","searchable":true,"sortable":true}},"name":{"edit":{"label":"Name","description":"","placeholder":"","visible":true,"editable":true},"list":{"label":"Name","searchable":true,"sortable":true}},"description":{"edit":{"label":"Description","description":"","placeholder":"","visible":true,"editable":true},"list":{"label":"Description","searchable":true,"sortable":true}},"type":{"edit":{"label":"Type","description":"","placeholder":"","visible":true,"editable":true},"list":{"label":"Type","searchable":true,"sortable":true}},"permissions":{"edit":{"label":"Permissions","description":"","placeholder":"","visible":true,"editable":true,"mainField":"type"},"list":{"label":"Permissions","searchable":false,"sortable":false}},"users":{"edit":{"label":"Users","description":"","placeholder":"","visible":true,"editable":true,"mainField":"username"},"list":{"label":"Users","searchable":false,"sortable":false}}},"layouts":{"list":["id","name","description","type"],"editRelations":["permissions","users"],"edit":[[{"name":"name","size":6},{"name":"description","size":6}],[{"name":"type","size":6}]]}}', 'object', '', '');
INSERT INTO core_store (id, "key", value, type, environment, tag) VALUES (80, 'plugin_content_manager_configuration_content_types::plugins::users-permissions.user', '{"uid":"plugins::users-permissions.user","settings":{"bulkable":true,"filterable":true,"searchable":true,"pageSize":10,"mainField":"username","defaultSortBy":"username","defaultSortOrder":"ASC"},"metadatas":{"id":{"edit":{},"list":{"label":"Id","searchable":true,"sortable":true}},"username":{"edit":{"label":"Username","description":"","placeholder":"","visible":true,"editable":true},"list":{"label":"Username","searchable":true,"sortable":true}},"email":{"edit":{"label":"Email","description":"","placeholder":"","visible":true,"editable":true},"list":{"label":"Email","searchable":true,"sortable":true}},"provider":{"edit":{"label":"Provider","description":"","placeholder":"","visible":false,"editable":true},"list":{"label":"Provider","searchable":true,"sortable":true}},"password":{"edit":{"label":"Password","description":"","placeholder":"","visible":true,"editable":true},"list":{"label":"Password","searchable":true,"sortable":true}},"resetPasswordToken":{"edit":{"label":"ResetPasswordToken","description":"","placeholder":"","visible":false,"editable":true},"list":{"label":"ResetPasswordToken","searchable":true,"sortable":true}},"confirmationToken":{"edit":{"label":"ConfirmationToken","description":"","placeholder":"","visible":false,"editable":true},"list":{"label":"ConfirmationToken","searchable":true,"sortable":true}},"confirmed":{"edit":{"label":"Confirmed","description":"","placeholder":"","visible":true,"editable":true},"list":{"label":"Confirmed","searchable":true,"sortable":true}},"blocked":{"edit":{"label":"Blocked","description":"","placeholder":"","visible":true,"editable":true},"list":{"label":"Blocked","searchable":true,"sortable":true}},"role":{"edit":{"label":"Role","description":"","placeholder":"","visible":true,"editable":true,"mainField":"name"},"list":{"label":"Role","searchable":true,"sortable":true}},"created_at":{"edit":{"label":"Created_at","description":"","placeholder":"","visible":false,"editable":true},"list":{"label":"Created_at","searchable":true,"sortable":true}},"updated_at":{"edit":{"label":"Updated_at","description":"","placeholder":"","visible":false,"editable":true},"list":{"label":"Updated_at","searchable":true,"sortable":true}}},"layouts":{"list":["id","username","email","confirmed"],"editRelations":["role"],"edit":[[{"name":"username","size":6},{"name":"email","size":6}],[{"name":"password","size":6},{"name":"confirmed","size":4}],[{"name":"blocked","size":4}]]}}', 'object', '', '');
INSERT INTO core_store (id, "key", value, type, environment, tag) VALUES (81, 'plugin_users-permissions_advanced', '{"unique_email":true,"allow_register":true,"email_confirmation":false,"email_reset_password":null,"email_confirmation_redirection":null,"default_role":"authenticated"}', 'object', '', '');
INSERT INTO core_store (id, "key", value, type, environment, tag) VALUES (82, 'type_setup_initHasRun', 'true', 'boolean', 'development', '');
INSERT INTO core_store (id, "key", value, type, environment, tag) VALUES (83, 'core_admin_auth', '{"providers":{"autoRegister":false,"defaultRole":null}}', 'object', '', '');
INSERT INTO core_store (id, "key", value, type, environment, tag) VALUES (84, 'model_def_layout.banner', '{"uid":"layout.banner","collectionName":"components_layout_banners","info":{"name":"Banner","icon":"school"},"options":{"timestamps":false},"attributes":{"Title":{"type":"string"},"Subtitle":{"type":"string"},"Image":{"model":"file","via":"related","allowedTypes":["images","files","videos"],"plugin":"upload","required":false,"pluginOptions":{}}}}', 'object', NULL, NULL);
INSERT INTO core_store (id, "key", value, type, environment, tag) VALUES (85, 'plugin_content_manager_configuration_components::layout.banner', '{"uid":"layout.banner","settings":{"bulkable":true,"filterable":true,"searchable":true,"pageSize":10,"mainField":"Title","defaultSortBy":"Title","defaultSortOrder":"ASC"},"metadatas":{"id":{"edit":{},"list":{"label":"Id","searchable":false,"sortable":false}},"Title":{"edit":{"label":"Title","description":"","placeholder":"","visible":true,"editable":true},"list":{"label":"Title","searchable":true,"sortable":true}},"Subtitle":{"edit":{"label":"Subtitle","description":"","placeholder":"","visible":true,"editable":true},"list":{"label":"Subtitle","searchable":true,"sortable":true}},"Image":{"edit":{"label":"Image","description":"","placeholder":"","visible":true,"editable":true},"list":{"label":"Image","searchable":false,"sortable":false}}},"layouts":{"list":["id","Title","Subtitle","Image"],"edit":[[{"name":"Title","size":6},{"name":"Subtitle","size":6}],[{"name":"Image","size":6}]],"editRelations":[]},"isComponent":true}', 'object', '', '');
INSERT INTO core_store (id, "key", value, type, environment, tag) VALUES (86, 'model_def_sections.latest-blog', '{"uid":"sections.latest-blog","collectionName":"components_sections_latest_blogs","info":{"name":"latest blog","icon":"blog","description":""},"options":{"timestamps":false},"attributes":{"title":{"type":"string","required":true},"numberOfArticles":{"type":"biginteger","required":true},"linkLabel":{"type":"string","default":"View All News Articles"}}}', 'object', NULL, NULL);
INSERT INTO core_store (id, "key", value, type, environment, tag) VALUES (87, 'plugin_content_manager_configuration_components::sections.latest-blog', '{"uid":"sections.latest-blog","settings":{"bulkable":true,"filterable":true,"searchable":true,"pageSize":10,"mainField":"title","defaultSortBy":"title","defaultSortOrder":"ASC"},"metadatas":{"id":{"edit":{},"list":{"label":"Id","searchable":false,"sortable":false}},"title":{"edit":{"label":"Title","description":"","placeholder":"","visible":true,"editable":true},"list":{"label":"Title","searchable":true,"sortable":true}},"numberOfArticles":{"edit":{"label":"NumberOfArticles","description":"","placeholder":"","visible":true,"editable":true},"list":{"label":"NumberOfArticles","searchable":true,"sortable":true}},"linkLabel":{"edit":{"label":"LinkLabel","description":"","placeholder":"","visible":true,"editable":true},"list":{"label":"LinkLabel","searchable":true,"sortable":true}}},"layouts":{"list":["id","title","numberOfArticles","linkLabel"],"edit":[[{"name":"title","size":6},{"name":"numberOfArticles","size":4}],[{"name":"linkLabel","size":6}]],"editRelations":[]},"isComponent":true}', 'object', '', '');
INSERT INTO core_store (id, "key", value, type, environment, tag) VALUES (88, 'model_def_sections.products-list', '{"uid":"sections.products-list","collectionName":"components_sections_products_lists","info":{"name":"products list","icon":"biohazard"},"options":{"timestamps":false},"attributes":{"title":{"type":"string"},"type":{"type":"enumeration","enum":["PopularBrands","MostPopularSneakers","RecentlyViewed"],"required":true,"default":"PopularBrands"},"numberOfProducts":{"type":"biginteger","required":true},"labelLink":{"type":"string","default":"see All"}}}', 'object', NULL, NULL);
INSERT INTO core_store (id, "key", value, type, environment, tag) VALUES (89, 'plugin_content_manager_configuration_components::sections.products-list', '{"uid":"sections.products-list","settings":{"bulkable":true,"filterable":true,"searchable":true,"pageSize":10,"mainField":"title","defaultSortBy":"title","defaultSortOrder":"ASC"},"metadatas":{"id":{"edit":{},"list":{"label":"Id","searchable":false,"sortable":false}},"title":{"edit":{"label":"Title","description":"","placeholder":"","visible":true,"editable":true},"list":{"label":"Title","searchable":true,"sortable":true}},"type":{"edit":{"label":"Type","description":"","placeholder":"","visible":true,"editable":true},"list":{"label":"Type","searchable":true,"sortable":true}},"numberOfProducts":{"edit":{"label":"NumberOfProducts","description":"","placeholder":"","visible":true,"editable":true},"list":{"label":"NumberOfProducts","searchable":true,"sortable":true}},"labelLink":{"edit":{"label":"LabelLink","description":"","placeholder":"","visible":true,"editable":true},"list":{"label":"LabelLink","searchable":true,"sortable":true}}},"layouts":{"list":["id","title","type","numberOfProducts"],"edit":[[{"name":"title","size":6},{"name":"type","size":6}],[{"name":"numberOfProducts","size":4},{"name":"labelLink","size":6}]],"editRelations":[]},"isComponent":true}', 'object', '', '');

-- Table : globals
CREATE TABLE `globals` (`id` integer not null primary key autoincrement, `metaTitleSuffix` varchar(255) not null, `locale` varchar(255) null, `created_by` integer null, `updated_by` integer null, `created_at` datetime null default CURRENT_TIMESTAMP, `updated_at` datetime null default CURRENT_TIMESTAMP);
INSERT INTO globals (id, metaTitleSuffix, locale, created_by, updated_by, created_at, updated_at) VALUES (1, 'Strapi Corporate', 'en', NULL, 1, 1635460567095, 1635788890226);
INSERT INTO globals (id, metaTitleSuffix, locale, created_by, updated_by, created_at, updated_at) VALUES (2, 'Strapi Corporate', 'fr', NULL, NULL, 1635460567273, 1635460567273);

-- Table : globals__localizations
CREATE TABLE `globals__localizations` (`id` integer not null primary key autoincrement, `global_id` integer null, `related_global_id` integer null);
INSERT INTO globals__localizations (id, global_id, related_global_id) VALUES (1, 1, 2);
INSERT INTO globals__localizations (id, global_id, related_global_id) VALUES (2, 2, 1);

-- Table : globals_components
CREATE TABLE `globals_components` (`id` integer not null primary key autoincrement, `field` varchar(255) not null, `order` integer not null, `component_type` varchar(255) not null, `component_id` integer not null, `global_id` integer not null, constraint `global_id_fk` foreign key(`global_id`) references "tmp_globals"(`id`) on delete CASCADE);
INSERT INTO globals_components (id, field, "order", component_type, component_id, global_id) VALUES (1, 'metadata', 1, 'components_meta_metadata', 1, 1);
INSERT INTO globals_components (id, field, "order", component_type, component_id, global_id) VALUES (2, 'notificationBanner', 1, 'components_elements_notification_banners', 1, 1);
INSERT INTO globals_components (id, field, "order", component_type, component_id, global_id) VALUES (3, 'navbar', 1, 'components_layout_navbars', 1, 1);
INSERT INTO globals_components (id, field, "order", component_type, component_id, global_id) VALUES (4, 'footer', 1, 'components_layout_footers', 1, 1);
INSERT INTO globals_components (id, field, "order", component_type, component_id, global_id) VALUES (5, 'metadata', 1, 'components_meta_metadata', 2, 2);
INSERT INTO globals_components (id, field, "order", component_type, component_id, global_id) VALUES (6, 'notificationBanner', 1, 'components_elements_notification_banners', 2, 2);
INSERT INTO globals_components (id, field, "order", component_type, component_id, global_id) VALUES (7, 'navbar', 1, 'components_layout_navbars', 2, 2);
INSERT INTO globals_components (id, field, "order", component_type, component_id, global_id) VALUES (8, 'footer', 1, 'components_layout_footers', 2, 2);
INSERT INTO globals_components (id, field, "order", component_type, component_id, global_id) VALUES (9, 'banner', 1, 'components_layout_banners', 1, 1);

-- Table : i18n_locales
CREATE TABLE `i18n_locales` (`id` integer not null primary key autoincrement, `name` varchar(255) null, `code` varchar(255) null, `created_by` integer null, `updated_by` integer null, `created_at` datetime null default CURRENT_TIMESTAMP, `updated_at` datetime null default CURRENT_TIMESTAMP);
INSERT INTO i18n_locales (id, name, code, created_by, updated_by, created_at, updated_at) VALUES (1, 'English (en)', 'en', NULL, NULL, 1635460564340, 1635460564340);
INSERT INTO i18n_locales (id, name, code, created_by, updated_by, created_at, updated_at) VALUES (2, 'French (fr)', 'fr', NULL, NULL, 1635460567077, 1635460567077);

-- Table : lead_form_submissions
CREATE TABLE `lead_form_submissions` (`id` integer not null primary key autoincrement, `email` varchar(255) null, `status` varchar(255) null, `location` varchar(255) null, `created_by` integer null, `updated_by` integer null, `created_at` datetime null default CURRENT_TIMESTAMP, `updated_at` datetime null default CURRENT_TIMESTAMP);
INSERT INTO lead_form_submissions (id, email, status, location, created_by, updated_by, created_at, updated_at) VALUES (1, 'johne@thebeatles.com', 'seen', 'Home Page Bottom', NULL, NULL, 1635460567474, 1635460567474);
INSERT INTO lead_form_submissions (id, email, status, location, created_by, updated_by, created_at, updated_at) VALUES (2, 'paul@thebeatles.com', 'contacted', 'Home Page Bottom', NULL, NULL, 1635460567483, 1635460567483);
INSERT INTO lead_form_submissions (id, email, status, location, created_by, updated_by, created_at, updated_at) VALUES (3, 'george@thebeatles.com', 'ignored', 'Home Page Bottom', NULL, NULL, 1635460567490, 1635460567490);

-- Table : pages
CREATE TABLE `pages` (`id` integer not null primary key autoincrement, `shortName` varchar(255) null, `status` varchar(255) not null, `slug` varchar(255) null, `locale` varchar(255) null, `created_by` integer null, `updated_by` integer null, `created_at` datetime null default CURRENT_TIMESTAMP, `updated_at` datetime null default CURRENT_TIMESTAMP);
INSERT INTO pages (id, shortName, status, slug, locale, created_by, updated_by, created_at, updated_at) VALUES (1, 'Home', 'published', '', 'en', NULL, 1, 1635460567495, 1636646358197);
INSERT INTO pages (id, shortName, status, slug, locale, created_by, updated_by, created_at, updated_at) VALUES (2, 'Pricing', 'published', 'pricing', 'en', NULL, NULL, 1635460567763, 1635460567763);
INSERT INTO pages (id, shortName, status, slug, locale, created_by, updated_by, created_at, updated_at) VALUES (3, 'Secret', 'draft', 'secret', 'en', NULL, NULL, 1635460567897, 1635460567897);
INSERT INTO pages (id, shortName, status, slug, locale, created_by, updated_by, created_at, updated_at) VALUES (4, 'Contact', 'published', 'contact', 'en', NULL, NULL, 1635460567930, 1635460567930);
INSERT INTO pages (id, shortName, status, slug, locale, created_by, updated_by, created_at, updated_at) VALUES (5, 'Home', 'published', '', 'fr', NULL, NULL, 1635460567994, 1635625315127);
INSERT INTO pages (id, shortName, status, slug, locale, created_by, updated_by, created_at, updated_at) VALUES (6, 'Pricing', 'published', 'pricing', 'fr', NULL, NULL, 1635460568289, 1635460568289);
INSERT INTO pages (id, shortName, status, slug, locale, created_by, updated_by, created_at, updated_at) VALUES (7, 'Secret', 'draft', 'secret', 'fr', NULL, NULL, 1635460568432, 1635460568432);
INSERT INTO pages (id, shortName, status, slug, locale, created_by, updated_by, created_at, updated_at) VALUES (8, 'Contact', 'published', 'contact', 'fr', NULL, NULL, 1635460568469, 1635460568469);
INSERT INTO pages (id, shortName, status, slug, locale, created_by, updated_by, created_at, updated_at) VALUES (9, 'News', 'published', 'news', 'en', 1, 1, 1635463165049, 1635463172450);
INSERT INTO pages (id, shortName, status, slug, locale, created_by, updated_by, created_at, updated_at) VALUES (10, 'sneakers', 'published', 'sneakers', 'en', 1, 1, 1636284867453, 1636284867475);

-- Table : pages__localizations
CREATE TABLE `pages__localizations` (`id` integer not null primary key autoincrement, `page_id` integer null, `related_page_id` integer null);
INSERT INTO pages__localizations (id, page_id, related_page_id) VALUES (1, 1, 5);
INSERT INTO pages__localizations (id, page_id, related_page_id) VALUES (2, 2, 6);
INSERT INTO pages__localizations (id, page_id, related_page_id) VALUES (3, 3, 7);
INSERT INTO pages__localizations (id, page_id, related_page_id) VALUES (4, 4, 8);
INSERT INTO pages__localizations (id, page_id, related_page_id) VALUES (5, 5, 1);
INSERT INTO pages__localizations (id, page_id, related_page_id) VALUES (6, 6, 2);
INSERT INTO pages__localizations (id, page_id, related_page_id) VALUES (7, 7, 3);
INSERT INTO pages__localizations (id, page_id, related_page_id) VALUES (8, 8, 4);

-- Table : pages_components
CREATE TABLE `pages_components` (`id` integer not null primary key autoincrement, `field` varchar(255) not null, `order` integer not null, `component_type` varchar(255) not null, `component_id` integer not null, `page_id` integer not null, constraint `page_id_fk` foreign key(`page_id`) references "tmp_pages"(`id`) on delete CASCADE);
INSERT INTO pages_components (id, field, "order", component_type, component_id, page_id) VALUES (1, 'metadata', 1, 'components_meta_metadata', 3, 1);
INSERT INTO pages_components (id, field, "order", component_type, component_id, page_id) VALUES (8, 'metadata', 1, 'components_meta_metadata', 4, 2);
INSERT INTO pages_components (id, field, "order", component_type, component_id, page_id) VALUES (9, 'contentSections', 1, 'components_sections_pricings', 1, 2);
INSERT INTO pages_components (id, field, "order", component_type, component_id, page_id) VALUES (10, 'metadata', 1, 'components_meta_metadata', 5, 3);
INSERT INTO pages_components (id, field, "order", component_type, component_id, page_id) VALUES (11, 'contentSections', 1, 'components_sections_rich_texts', 1, 3);
INSERT INTO pages_components (id, field, "order", component_type, component_id, page_id) VALUES (12, 'metadata', 1, 'components_meta_metadata', 6, 4);
INSERT INTO pages_components (id, field, "order", component_type, component_id, page_id) VALUES (13, 'contentSections', 1, 'components_sections_rich_texts', 2, 4);
INSERT INTO pages_components (id, field, "order", component_type, component_id, page_id) VALUES (14, 'contentSections', 2, 'components_slices_bottom_actions', 2, 4);
INSERT INTO pages_components (id, field, "order", component_type, component_id, page_id) VALUES (15, 'metadata', 1, 'components_meta_metadata', 7, 5);
INSERT INTO pages_components (id, field, "order", component_type, component_id, page_id) VALUES (16, 'contentSections', 6, 'components_slices_bottom_actions', 3, 5);
INSERT INTO pages_components (id, field, "order", component_type, component_id, page_id) VALUES (17, 'contentSections', 5, 'components_sections_lead_forms', 2, 5);
INSERT INTO pages_components (id, field, "order", component_type, component_id, page_id) VALUES (18, 'contentSections', 1, 'components_slices_heroes', 2, 5);
INSERT INTO pages_components (id, field, "order", component_type, component_id, page_id) VALUES (19, 'contentSections', 3, 'components_slices_feature_columns_groups', 2, 5);
INSERT INTO pages_components (id, field, "order", component_type, component_id, page_id) VALUES (20, 'contentSections', 2, 'components_slices_feature_rows_groups', 2, 5);
INSERT INTO pages_components (id, field, "order", component_type, component_id, page_id) VALUES (21, 'contentSections', 4, 'components_slices_testimonials_groups', 2, 5);
INSERT INTO pages_components (id, field, "order", component_type, component_id, page_id) VALUES (22, 'metadata', 1, 'components_meta_metadata', 8, 6);
INSERT INTO pages_components (id, field, "order", component_type, component_id, page_id) VALUES (23, 'contentSections', 1, 'components_sections_pricings', 2, 6);
INSERT INTO pages_components (id, field, "order", component_type, component_id, page_id) VALUES (24, 'metadata', 1, 'components_meta_metadata', 9, 7);
INSERT INTO pages_components (id, field, "order", component_type, component_id, page_id) VALUES (25, 'contentSections', 1, 'components_sections_rich_texts', 3, 7);
INSERT INTO pages_components (id, field, "order", component_type, component_id, page_id) VALUES (26, 'metadata', 1, 'components_meta_metadata', 10, 8);
INSERT INTO pages_components (id, field, "order", component_type, component_id, page_id) VALUES (27, 'contentSections', 1, 'components_sections_rich_texts', 4, 8);
INSERT INTO pages_components (id, field, "order", component_type, component_id, page_id) VALUES (28, 'contentSections', 2, 'components_slices_bottom_actions', 4, 8);
INSERT INTO pages_components (id, field, "order", component_type, component_id, page_id) VALUES (29, 'metadata', 1, 'components_meta_metadata', 11, 9);
INSERT INTO pages_components (id, field, "order", component_type, component_id, page_id) VALUES (30, 'contentSections', 1, 'components_sections_products_lists', 1, 1);
INSERT INTO pages_components (id, field, "order", component_type, component_id, page_id) VALUES (31, 'contentSections', 2, 'components_sections_products_lists', 2, 1);
INSERT INTO pages_components (id, field, "order", component_type, component_id, page_id) VALUES (32, 'contentSections', 3, 'components_sections_products_lists', 3, 1);
INSERT INTO pages_components (id, field, "order", component_type, component_id, page_id) VALUES (33, 'contentSections', 4, 'components_sections_latest_blogs', 1, 1);
INSERT INTO pages_components (id, field, "order", component_type, component_id, page_id) VALUES (34, 'metadata', 1, 'components_meta_metadata', 12, 10);

-- Table : strapi_administrator
CREATE TABLE `strapi_administrator` (`id` integer not null primary key autoincrement, `firstname` varchar(255) null, `lastname` varchar(255) null, `username` varchar(255) null, `email` varchar(255) not null, `password` varchar(255) null, `resetPasswordToken` varchar(255) null, `registrationToken` varchar(255) null, `isActive` boolean null, `blocked` boolean null, `preferedLanguage` varchar(255) null);
INSERT INTO strapi_administrator (id, firstname, lastname, username, email, password, resetPasswordToken, registrationToken, isActive, blocked, preferedLanguage) VALUES (1, 'Chaker', 'Ben Moussa', NULL, 'chaker.info@gmail.com', '$2a$10$UzWSd9OHfKEgcV/n1Cyy6OM61GI5JIA9Qei6ikJFiDks4f8kI53/O', NULL, NULL, 1, NULL, NULL);

-- Table : strapi_permission
CREATE TABLE `strapi_permission` (`id` integer not null primary key autoincrement, `action` varchar(255) not null, `subject` varchar(255) null, `properties` text null, `conditions` text null, `role` integer null, `created_at` datetime null default CURRENT_TIMESTAMP, `updated_at` datetime null default CURRENT_TIMESTAMP);
INSERT INTO strapi_permission (id, "action", subject, properties, conditions, role, created_at, updated_at) VALUES (1, 'plugins::content-manager.explorer.create', 'application::article.article', '{"fields":["title","description","content","slug","image","category","author"]}', '[]', 2, 1635460570794, 1635460570797);
INSERT INTO strapi_permission (id, "action", subject, properties, conditions, role, created_at, updated_at) VALUES (2, 'plugins::content-manager.explorer.create', 'application::category.category', '{"fields":["name","slug","articles"]}', '[]', 2, 1635460570802, 1635460570805);
INSERT INTO strapi_permission (id, "action", subject, properties, conditions, role, created_at, updated_at) VALUES (3, 'plugins::content-manager.explorer.create', 'application::global.global', '{"fields":["metadata.metaTitle","metadata.metaDescription","metadata.shareImage","metadata.twitterCardType","metadata.twitterUsername","metaTitleSuffix","favicon","notificationBanner.text","notificationBanner.type","navbar.links.url","navbar.links.newTab","navbar.links.text","navbar.button.url","navbar.button.newTab","navbar.button.text","navbar.button.type","navbar.logo","footer.logo","footer.columns.title","footer.columns.links.url","footer.columns.links.newTab","footer.columns.links.text","footer.smallText"]}', '[]', 2, 1635460570810, 1635460570813);
INSERT INTO strapi_permission (id, "action", subject, properties, conditions, role, created_at, updated_at) VALUES (4, 'plugins::content-manager.explorer.create', 'application::lead-form-submissions.lead-form-submissions', '{"fields":["email","status","location"]}', '[]', 2, 1635460570819, 1635460570822);
INSERT INTO strapi_permission (id, "action", subject, properties, conditions, role, created_at, updated_at) VALUES (5, 'plugins::content-manager.explorer.create', 'application::page.page', '{"fields":["shortName","metadata.metaTitle","metadata.metaDescription","metadata.shareImage","metadata.twitterCardType","metadata.twitterUsername","contentSections","status","slug"]}', '[]', 2, 1635460570827, 1635460570830);
INSERT INTO strapi_permission (id, "action", subject, properties, conditions, role, created_at, updated_at) VALUES (6, 'plugins::content-manager.explorer.create', 'application::writer.writer', '{"fields":["name","picture","articles","email"]}', '[]', 2, 1635460570835, 1635460570837);
INSERT INTO strapi_permission (id, "action", subject, properties, conditions, role, created_at, updated_at) VALUES (7, 'plugins::content-manager.explorer.read', 'application::article.article', '{"fields":["title","description","content","slug","image","category","author"]}', '[]', 2, 1635460570842, 1635460570845);
INSERT INTO strapi_permission (id, "action", subject, properties, conditions, role, created_at, updated_at) VALUES (8, 'plugins::content-manager.explorer.read', 'application::category.category', '{"fields":["name","slug","articles"]}', '[]', 2, 1635460570849, 1635460570853);
INSERT INTO strapi_permission (id, "action", subject, properties, conditions, role, created_at, updated_at) VALUES (9, 'plugins::content-manager.explorer.read', 'application::global.global', '{"fields":["metadata.metaTitle","metadata.metaDescription","metadata.shareImage","metadata.twitterCardType","metadata.twitterUsername","metaTitleSuffix","favicon","notificationBanner.text","notificationBanner.type","navbar.links.url","navbar.links.newTab","navbar.links.text","navbar.button.url","navbar.button.newTab","navbar.button.text","navbar.button.type","navbar.logo","footer.logo","footer.columns.title","footer.columns.links.url","footer.columns.links.newTab","footer.columns.links.text","footer.smallText"]}', '[]', 2, 1635460570858, 1635460570861);
INSERT INTO strapi_permission (id, "action", subject, properties, conditions, role, created_at, updated_at) VALUES (10, 'plugins::content-manager.explorer.read', 'application::lead-form-submissions.lead-form-submissions', '{"fields":["email","status","location"]}', '[]', 2, 1635460570866, 1635460570869);
INSERT INTO strapi_permission (id, "action", subject, properties, conditions, role, created_at, updated_at) VALUES (11, 'plugins::content-manager.explorer.read', 'application::page.page', '{"fields":["shortName","metadata.metaTitle","metadata.metaDescription","metadata.shareImage","metadata.twitterCardType","metadata.twitterUsername","contentSections","status","slug"]}', '[]', 2, 1635460570874, 1635460570876);
INSERT INTO strapi_permission (id, "action", subject, properties, conditions, role, created_at, updated_at) VALUES (12, 'plugins::content-manager.explorer.read', 'application::writer.writer', '{"fields":["name","picture","articles","email"]}', '[]', 2, 1635460570882, 1635460570884);
INSERT INTO strapi_permission (id, "action", subject, properties, conditions, role, created_at, updated_at) VALUES (13, 'plugins::content-manager.explorer.update', 'application::article.article', '{"fields":["title","description","content","slug","image","category","author"]}', '[]', 2, 1635460570889, 1635460570892);
INSERT INTO strapi_permission (id, "action", subject, properties, conditions, role, created_at, updated_at) VALUES (14, 'plugins::content-manager.explorer.update', 'application::category.category', '{"fields":["name","slug","articles"]}', '[]', 2, 1635460570896, 1635460570898);
INSERT INTO strapi_permission (id, "action", subject, properties, conditions, role, created_at, updated_at) VALUES (15, 'plugins::content-manager.explorer.update', 'application::global.global', '{"fields":["metadata.metaTitle","metadata.metaDescription","metadata.shareImage","metadata.twitterCardType","metadata.twitterUsername","metaTitleSuffix","favicon","notificationBanner.text","notificationBanner.type","navbar.links.url","navbar.links.newTab","navbar.links.text","navbar.button.url","navbar.button.newTab","navbar.button.text","navbar.button.type","navbar.logo","footer.logo","footer.columns.title","footer.columns.links.url","footer.columns.links.newTab","footer.columns.links.text","footer.smallText"]}', '[]', 2, 1635460570902, 1635460570905);
INSERT INTO strapi_permission (id, "action", subject, properties, conditions, role, created_at, updated_at) VALUES (16, 'plugins::content-manager.explorer.update', 'application::lead-form-submissions.lead-form-submissions', '{"fields":["email","status","location"]}', '[]', 2, 1635460570910, 1635460570912);
INSERT INTO strapi_permission (id, "action", subject, properties, conditions, role, created_at, updated_at) VALUES (17, 'plugins::content-manager.explorer.update', 'application::page.page', '{"fields":["shortName","metadata.metaTitle","metadata.metaDescription","metadata.shareImage","metadata.twitterCardType","metadata.twitterUsername","contentSections","status","slug"]}', '[]', 2, 1635460570918, 1635460570921);
INSERT INTO strapi_permission (id, "action", subject, properties, conditions, role, created_at, updated_at) VALUES (18, 'plugins::content-manager.explorer.update', 'application::writer.writer', '{"fields":["name","picture","articles","email"]}', '[]', 2, 1635460570927, 1635460570930);
INSERT INTO strapi_permission (id, "action", subject, properties, conditions, role, created_at, updated_at) VALUES (19, 'plugins::content-manager.explorer.delete', 'application::article.article', '{}', '[]', 2, 1635460570936, 1635460570939);
INSERT INTO strapi_permission (id, "action", subject, properties, conditions, role, created_at, updated_at) VALUES (20, 'plugins::content-manager.explorer.delete', 'application::category.category', '{}', '[]', 2, 1635460570946, 1635460570948);
INSERT INTO strapi_permission (id, "action", subject, properties, conditions, role, created_at, updated_at) VALUES (22, 'plugins::content-manager.explorer.delete', 'application::lead-form-submissions.lead-form-submissions', '{}', '[]', 2, 1635460570959, 1635460570961);
INSERT INTO strapi_permission (id, "action", subject, properties, conditions, role, created_at, updated_at) VALUES (24, 'plugins::content-manager.explorer.delete', 'application::writer.writer', '{}', '[]', 2, 1635460570976, 1635460570978);
INSERT INTO strapi_permission (id, "action", subject, properties, conditions, role, created_at, updated_at) VALUES (25, 'plugins::content-manager.explorer.publish', 'application::article.article', '{}', '[]', 2, 1635460570984, 1635460570987);
INSERT INTO strapi_permission (id, "action", subject, properties, conditions, role, created_at, updated_at) VALUES (26, 'plugins::content-manager.explorer.publish', 'application::category.category', '{}', '[]', 2, 1635460570994, 1635460570997);
INSERT INTO strapi_permission (id, "action", subject, properties, conditions, role, created_at, updated_at) VALUES (27, 'plugins::content-manager.explorer.publish', 'application::writer.writer', '{}', '[]', 2, 1635460571003, 1635460571006);
INSERT INTO strapi_permission (id, "action", subject, properties, conditions, role, created_at, updated_at) VALUES (28, 'plugins::upload.read', NULL, '{}', '[]', 2, 1635460571012, 1635460571015);
INSERT INTO strapi_permission (id, "action", subject, properties, conditions, role, created_at, updated_at) VALUES (29, 'plugins::upload.assets.create', NULL, '{}', '[]', 2, 1635460571021, 1635460571023);
INSERT INTO strapi_permission (id, "action", subject, properties, conditions, role, created_at, updated_at) VALUES (30, 'plugins::upload.assets.update', NULL, '{}', '[]', 2, 1635460571030, 1635460571033);
INSERT INTO strapi_permission (id, "action", subject, properties, conditions, role, created_at, updated_at) VALUES (31, 'plugins::upload.assets.download', NULL, '{}', '[]', 2, 1635460571040, 1635460571042);
INSERT INTO strapi_permission (id, "action", subject, properties, conditions, role, created_at, updated_at) VALUES (32, 'plugins::upload.assets.copy-link', NULL, '{}', '[]', 2, 1635460571046, 1635460571049);
INSERT INTO strapi_permission (id, "action", subject, properties, conditions, role, created_at, updated_at) VALUES (33, 'plugins::content-manager.explorer.create', 'application::article.article', '{"fields":["title","description","content","slug","image","category","author"]}', '["admin::is-creator"]', 3, 1635460571180, 1635460571185);
INSERT INTO strapi_permission (id, "action", subject, properties, conditions, role, created_at, updated_at) VALUES (34, 'plugins::content-manager.explorer.create', 'application::category.category', '{"fields":["name","slug","articles"]}', '["admin::is-creator"]', 3, 1635460571195, 1635460571198);
INSERT INTO strapi_permission (id, "action", subject, properties, conditions, role, created_at, updated_at) VALUES (35, 'plugins::content-manager.explorer.create', 'application::global.global', '{"fields":["metadata.metaTitle","metadata.metaDescription","metadata.shareImage","metadata.twitterCardType","metadata.twitterUsername","metaTitleSuffix","favicon","notificationBanner.text","notificationBanner.type","navbar.links.url","navbar.links.newTab","navbar.links.text","navbar.button.url","navbar.button.newTab","navbar.button.text","navbar.button.type","navbar.logo","footer.logo","footer.columns.title","footer.columns.links.url","footer.columns.links.newTab","footer.columns.links.text","footer.smallText"]}', '["admin::is-creator"]', 3, 1635460571203, 1635460571206);
INSERT INTO strapi_permission (id, "action", subject, properties, conditions, role, created_at, updated_at) VALUES (36, 'plugins::content-manager.explorer.create', 'application::lead-form-submissions.lead-form-submissions', '{"fields":["email","status","location"]}', '["admin::is-creator"]', 3, 1635460571210, 1635460571213);
INSERT INTO strapi_permission (id, "action", subject, properties, conditions, role, created_at, updated_at) VALUES (37, 'plugins::content-manager.explorer.create', 'application::page.page', '{"fields":["shortName","metadata.metaTitle","metadata.metaDescription","metadata.shareImage","metadata.twitterCardType","metadata.twitterUsername","contentSections","status","slug"]}', '["admin::is-creator"]', 3, 1635460571218, 1635460571220);
INSERT INTO strapi_permission (id, "action", subject, properties, conditions, role, created_at, updated_at) VALUES (38, 'plugins::content-manager.explorer.create', 'application::writer.writer', '{"fields":["name","picture","articles","email"]}', '["admin::is-creator"]', 3, 1635460571225, 1635460571228);
INSERT INTO strapi_permission (id, "action", subject, properties, conditions, role, created_at, updated_at) VALUES (39, 'plugins::content-manager.explorer.read', 'application::article.article', '{"fields":["title","description","content","slug","image","category","author"]}', '["admin::is-creator"]', 3, 1635460571233, 1635460571236);
INSERT INTO strapi_permission (id, "action", subject, properties, conditions, role, created_at, updated_at) VALUES (40, 'plugins::content-manager.explorer.read', 'application::category.category', '{"fields":["name","slug","articles"]}', '["admin::is-creator"]', 3, 1635460571240, 1635460571242);
INSERT INTO strapi_permission (id, "action", subject, properties, conditions, role, created_at, updated_at) VALUES (41, 'plugins::content-manager.explorer.read', 'application::global.global', '{"fields":["metadata.metaTitle","metadata.metaDescription","metadata.shareImage","metadata.twitterCardType","metadata.twitterUsername","metaTitleSuffix","favicon","notificationBanner.text","notificationBanner.type","navbar.links.url","navbar.links.newTab","navbar.links.text","navbar.button.url","navbar.button.newTab","navbar.button.text","navbar.button.type","navbar.logo","footer.logo","footer.columns.title","footer.columns.links.url","footer.columns.links.newTab","footer.columns.links.text","footer.smallText"]}', '["admin::is-creator"]', 3, 1635460571247, 1635460571249);
INSERT INTO strapi_permission (id, "action", subject, properties, conditions, role, created_at, updated_at) VALUES (42, 'plugins::content-manager.explorer.read', 'application::lead-form-submissions.lead-form-submissions', '{"fields":["email","status","location"]}', '["admin::is-creator"]', 3, 1635460571253, 1635460571256);
INSERT INTO strapi_permission (id, "action", subject, properties, conditions, role, created_at, updated_at) VALUES (43, 'plugins::content-manager.explorer.read', 'application::page.page', '{"fields":["shortName","metadata.metaTitle","metadata.metaDescription","metadata.shareImage","metadata.twitterCardType","metadata.twitterUsername","contentSections","status","slug"]}', '["admin::is-creator"]', 3, 1635460571260, 1635460571262);
INSERT INTO strapi_permission (id, "action", subject, properties, conditions, role, created_at, updated_at) VALUES (44, 'plugins::content-manager.explorer.read', 'application::writer.writer', '{"fields":["name","picture","articles","email"]}', '["admin::is-creator"]', 3, 1635460571267, 1635460571270);
INSERT INTO strapi_permission (id, "action", subject, properties, conditions, role, created_at, updated_at) VALUES (45, 'plugins::content-manager.explorer.update', 'application::article.article', '{"fields":["title","description","content","slug","image","category","author"]}', '["admin::is-creator"]', 3, 1635460571276, 1635460571279);
INSERT INTO strapi_permission (id, "action", subject, properties, conditions, role, created_at, updated_at) VALUES (46, 'plugins::content-manager.explorer.update', 'application::category.category', '{"fields":["name","slug","articles"]}', '["admin::is-creator"]', 3, 1635460571288, 1635460571292);
INSERT INTO strapi_permission (id, "action", subject, properties, conditions, role, created_at, updated_at) VALUES (47, 'plugins::content-manager.explorer.update', 'application::global.global', '{"fields":["metadata.metaTitle","metadata.metaDescription","metadata.shareImage","metadata.twitterCardType","metadata.twitterUsername","metaTitleSuffix","favicon","notificationBanner.text","notificationBanner.type","navbar.links.url","navbar.links.newTab","navbar.links.text","navbar.button.url","navbar.button.newTab","navbar.button.text","navbar.button.type","navbar.logo","footer.logo","footer.columns.title","footer.columns.links.url","footer.columns.links.newTab","footer.columns.links.text","footer.smallText"]}', '["admin::is-creator"]', 3, 1635460571297, 1635460571299);
INSERT INTO strapi_permission (id, "action", subject, properties, conditions, role, created_at, updated_at) VALUES (48, 'plugins::content-manager.explorer.update', 'application::lead-form-submissions.lead-form-submissions', '{"fields":["email","status","location"]}', '["admin::is-creator"]', 3, 1635460571303, 1635460571306);
INSERT INTO strapi_permission (id, "action", subject, properties, conditions, role, created_at, updated_at) VALUES (49, 'plugins::content-manager.explorer.update', 'application::page.page', '{"fields":["shortName","metadata.metaTitle","metadata.metaDescription","metadata.shareImage","metadata.twitterCardType","metadata.twitterUsername","contentSections","status","slug"]}', '["admin::is-creator"]', 3, 1635460571311, 1635460571313);
INSERT INTO strapi_permission (id, "action", subject, properties, conditions, role, created_at, updated_at) VALUES (50, 'plugins::content-manager.explorer.update', 'application::writer.writer', '{"fields":["name","picture","articles","email"]}', '["admin::is-creator"]', 3, 1635460571318, 1635460571320);
INSERT INTO strapi_permission (id, "action", subject, properties, conditions, role, created_at, updated_at) VALUES (51, 'plugins::content-manager.explorer.delete', 'application::article.article', '{}', '["admin::is-creator"]', 3, 1635460571326, 1635460571328);
INSERT INTO strapi_permission (id, "action", subject, properties, conditions, role, created_at, updated_at) VALUES (52, 'plugins::content-manager.explorer.delete', 'application::category.category', '{}', '["admin::is-creator"]', 3, 1635460571334, 1635460571336);
INSERT INTO strapi_permission (id, "action", subject, properties, conditions, role, created_at, updated_at) VALUES (54, 'plugins::content-manager.explorer.delete', 'application::lead-form-submissions.lead-form-submissions', '{}', '["admin::is-creator"]', 3, 1635460571348, 1635460571350);
INSERT INTO strapi_permission (id, "action", subject, properties, conditions, role, created_at, updated_at) VALUES (56, 'plugins::content-manager.explorer.delete', 'application::writer.writer', '{}', '["admin::is-creator"]', 3, 1635460571360, 1635460571363);
INSERT INTO strapi_permission (id, "action", subject, properties, conditions, role, created_at, updated_at) VALUES (57, 'plugins::upload.read', NULL, '{}', '["admin::is-creator"]', 3, 1635460571369, 1635460571371);
INSERT INTO strapi_permission (id, "action", subject, properties, conditions, role, created_at, updated_at) VALUES (58, 'plugins::upload.assets.create', NULL, '{}', '[]', 3, 1635460571376, 1635460571379);
INSERT INTO strapi_permission (id, "action", subject, properties, conditions, role, created_at, updated_at) VALUES (59, 'plugins::upload.assets.update', NULL, '{}', '["admin::is-creator"]', 3, 1635460571385, 1635460571388);
INSERT INTO strapi_permission (id, "action", subject, properties, conditions, role, created_at, updated_at) VALUES (60, 'plugins::upload.assets.download', NULL, '{}', '[]', 3, 1635460571393, 1635460571395);
INSERT INTO strapi_permission (id, "action", subject, properties, conditions, role, created_at, updated_at) VALUES (61, 'plugins::upload.assets.copy-link', NULL, '{}', '[]', 3, 1635460571399, 1635460571401);
INSERT INTO strapi_permission (id, "action", subject, properties, conditions, role, created_at, updated_at) VALUES (62, 'plugins::content-manager.explorer.create', 'application::article.article', '{"fields":["title","description","content","slug","image","category","author"]}', '[]', 1, 1635460572745, 1635460572749);
INSERT INTO strapi_permission (id, "action", subject, properties, conditions, role, created_at, updated_at) VALUES (63, 'plugins::content-manager.explorer.create', 'application::category.category', '{"fields":["name","slug","articles"]}', '[]', 1, 1635460572755, 1635460572758);
INSERT INTO strapi_permission (id, "action", subject, properties, conditions, role, created_at, updated_at) VALUES (65, 'plugins::content-manager.explorer.create', 'application::lead-form-submissions.lead-form-submissions', '{"fields":["email","status","location"]}', '[]', 1, 1635460572772, 1635460572774);
INSERT INTO strapi_permission (id, "action", subject, properties, conditions, role, created_at, updated_at) VALUES (66, 'plugins::content-manager.explorer.create', 'application::page.page', '{"fields":["shortName","metadata.metaTitle","metadata.metaDescription","metadata.shareImage","metadata.twitterCardType","metadata.twitterUsername","contentSections","status","slug"],"locales":["en","fr"]}', '[]', 1, 1635460572779, 1635460572783);
INSERT INTO strapi_permission (id, "action", subject, properties, conditions, role, created_at, updated_at) VALUES (67, 'plugins::content-manager.explorer.create', 'application::writer.writer', '{"fields":["name","picture","articles","email"]}', '[]', 1, 1635460572791, 1635460572795);
INSERT INTO strapi_permission (id, "action", subject, properties, conditions, role, created_at, updated_at) VALUES (68, 'plugins::content-manager.explorer.create', 'plugins::users-permissions.user', '{"fields":["username","email","provider","password","resetPasswordToken","confirmationToken","confirmed","blocked","role"]}', '[]', 1, 1635460572800, 1635460572803);
INSERT INTO strapi_permission (id, "action", subject, properties, conditions, role, created_at, updated_at) VALUES (69, 'plugins::content-manager.explorer.read', 'application::article.article', '{"fields":["title","description","content","slug","image","category","author"]}', '[]', 1, 1635460572808, 1635460572812);
INSERT INTO strapi_permission (id, "action", subject, properties, conditions, role, created_at, updated_at) VALUES (70, 'plugins::content-manager.explorer.read', 'application::category.category', '{"fields":["name","slug","articles"]}', '[]', 1, 1635460572817, 1635460572820);
INSERT INTO strapi_permission (id, "action", subject, properties, conditions, role, created_at, updated_at) VALUES (72, 'plugins::content-manager.explorer.read', 'application::lead-form-submissions.lead-form-submissions', '{"fields":["email","status","location"]}', '[]', 1, 1635460572835, 1635460572839);
INSERT INTO strapi_permission (id, "action", subject, properties, conditions, role, created_at, updated_at) VALUES (73, 'plugins::content-manager.explorer.read', 'application::page.page', '{"fields":["shortName","metadata.metaTitle","metadata.metaDescription","metadata.shareImage","metadata.twitterCardType","metadata.twitterUsername","contentSections","status","slug"],"locales":["en","fr"]}', '[]', 1, 1635460572844, 1635460572847);
INSERT INTO strapi_permission (id, "action", subject, properties, conditions, role, created_at, updated_at) VALUES (74, 'plugins::content-manager.explorer.read', 'application::writer.writer', '{"fields":["name","picture","articles","email"]}', '[]', 1, 1635460572852, 1635460572855);
INSERT INTO strapi_permission (id, "action", subject, properties, conditions, role, created_at, updated_at) VALUES (75, 'plugins::content-manager.explorer.read', 'plugins::users-permissions.user', '{"fields":["username","email","provider","password","resetPasswordToken","confirmationToken","confirmed","blocked","role"]}', '[]', 1, 1635460572860, 1635460572864);
INSERT INTO strapi_permission (id, "action", subject, properties, conditions, role, created_at, updated_at) VALUES (76, 'plugins::content-manager.explorer.update', 'application::article.article', '{"fields":["title","description","content","slug","image","category","author"]}', '[]', 1, 1635460572872, 1635460572875);
INSERT INTO strapi_permission (id, "action", subject, properties, conditions, role, created_at, updated_at) VALUES (77, 'plugins::content-manager.explorer.update', 'application::category.category', '{"fields":["name","slug","articles"]}', '[]', 1, 1635460572882, 1635460572884);
INSERT INTO strapi_permission (id, "action", subject, properties, conditions, role, created_at, updated_at) VALUES (79, 'plugins::content-manager.explorer.update', 'application::lead-form-submissions.lead-form-submissions', '{"fields":["email","status","location"]}', '[]', 1, 1635460572897, 1635460572899);
INSERT INTO strapi_permission (id, "action", subject, properties, conditions, role, created_at, updated_at) VALUES (80, 'plugins::content-manager.explorer.update', 'application::page.page', '{"fields":["shortName","metadata.metaTitle","metadata.metaDescription","metadata.shareImage","metadata.twitterCardType","metadata.twitterUsername","contentSections","status","slug"],"locales":["en","fr"]}', '[]', 1, 1635460572904, 1635460572906);
INSERT INTO strapi_permission (id, "action", subject, properties, conditions, role, created_at, updated_at) VALUES (81, 'plugins::content-manager.explorer.update', 'application::writer.writer', '{"fields":["name","picture","articles","email"]}', '[]', 1, 1635460572911, 1635460572913);
INSERT INTO strapi_permission (id, "action", subject, properties, conditions, role, created_at, updated_at) VALUES (82, 'plugins::content-manager.explorer.update', 'plugins::users-permissions.user', '{"fields":["username","email","provider","password","resetPasswordToken","confirmationToken","confirmed","blocked","role"]}', '[]', 1, 1635460572918, 1635460572921);
INSERT INTO strapi_permission (id, "action", subject, properties, conditions, role, created_at, updated_at) VALUES (93, 'plugins::content-type-builder.read', NULL, '{}', '[]', 1, 1635460573011, 1635460573014);
INSERT INTO strapi_permission (id, "action", subject, properties, conditions, role, created_at, updated_at) VALUES (94, 'plugins::email.settings.read', NULL, '{}', '[]', 1, 1635460573019, 1635460573021);
INSERT INTO strapi_permission (id, "action", subject, properties, conditions, role, created_at, updated_at) VALUES (95, 'plugins::upload.read', NULL, '{}', '[]', 1, 1635460573027, 1635460573029);
INSERT INTO strapi_permission (id, "action", subject, properties, conditions, role, created_at, updated_at) VALUES (96, 'plugins::upload.assets.create', NULL, '{}', '[]', 1, 1635460573036, 1635460573039);
INSERT INTO strapi_permission (id, "action", subject, properties, conditions, role, created_at, updated_at) VALUES (97, 'plugins::upload.assets.update', NULL, '{}', '[]', 1, 1635460573044, 1635460573046);
INSERT INTO strapi_permission (id, "action", subject, properties, conditions, role, created_at, updated_at) VALUES (98, 'plugins::upload.assets.download', NULL, '{}', '[]', 1, 1635460573052, 1635460573055);
INSERT INTO strapi_permission (id, "action", subject, properties, conditions, role, created_at, updated_at) VALUES (99, 'plugins::upload.assets.copy-link', NULL, '{}', '[]', 1, 1635460573060, 1635460573063);
INSERT INTO strapi_permission (id, "action", subject, properties, conditions, role, created_at, updated_at) VALUES (100, 'plugins::upload.settings.read', NULL, '{}', '[]', 1, 1635460573069, 1635460573071);
INSERT INTO strapi_permission (id, "action", subject, properties, conditions, role, created_at, updated_at) VALUES (101, 'plugins::i18n.locale.create', NULL, '{}', '[]', 1, 1635460573077, 1635460573080);
INSERT INTO strapi_permission (id, "action", subject, properties, conditions, role, created_at, updated_at) VALUES (102, 'plugins::i18n.locale.read', NULL, '{}', '[]', 1, 1635460573117, 1635460573121);
INSERT INTO strapi_permission (id, "action", subject, properties, conditions, role, created_at, updated_at) VALUES (103, 'plugins::i18n.locale.update', NULL, '{}', '[]', 1, 1635460573128, 1635460573132);
INSERT INTO strapi_permission (id, "action", subject, properties, conditions, role, created_at, updated_at) VALUES (104, 'plugins::i18n.locale.delete', NULL, '{}', '[]', 1, 1635460573138, 1635460573141);
INSERT INTO strapi_permission (id, "action", subject, properties, conditions, role, created_at, updated_at) VALUES (105, 'plugins::content-manager.single-types.configure-view', NULL, '{}', '[]', 1, 1635460573146, 1635460573149);
INSERT INTO strapi_permission (id, "action", subject, properties, conditions, role, created_at, updated_at) VALUES (106, 'plugins::content-manager.collection-types.configure-view', NULL, '{}', '[]', 1, 1635460573154, 1635460573158);
INSERT INTO strapi_permission (id, "action", subject, properties, conditions, role, created_at, updated_at) VALUES (107, 'plugins::content-manager.components.configure-layout', NULL, '{}', '[]', 1, 1635460573164, 1635460573166);
INSERT INTO strapi_permission (id, "action", subject, properties, conditions, role, created_at, updated_at) VALUES (108, 'plugins::users-permissions.roles.create', NULL, '{}', '[]', 1, 1635460573171, 1635460573174);
INSERT INTO strapi_permission (id, "action", subject, properties, conditions, role, created_at, updated_at) VALUES (109, 'plugins::users-permissions.roles.read', NULL, '{}', '[]', 1, 1635460573179, 1635460573182);
INSERT INTO strapi_permission (id, "action", subject, properties, conditions, role, created_at, updated_at) VALUES (110, 'plugins::users-permissions.roles.update', NULL, '{}', '[]', 1, 1635460573187, 1635460573191);
INSERT INTO strapi_permission (id, "action", subject, properties, conditions, role, created_at, updated_at) VALUES (111, 'plugins::users-permissions.roles.delete', NULL, '{}', '[]', 1, 1635460573196, 1635460573199);
INSERT INTO strapi_permission (id, "action", subject, properties, conditions, role, created_at, updated_at) VALUES (112, 'plugins::users-permissions.providers.read', NULL, '{}', '[]', 1, 1635460573204, 1635460573206);
INSERT INTO strapi_permission (id, "action", subject, properties, conditions, role, created_at, updated_at) VALUES (113, 'plugins::users-permissions.providers.update', NULL, '{}', '[]', 1, 1635460573212, 1635460573214);
INSERT INTO strapi_permission (id, "action", subject, properties, conditions, role, created_at, updated_at) VALUES (114, 'plugins::users-permissions.email-templates.read', NULL, '{}', '[]', 1, 1635460573220, 1635460573222);
INSERT INTO strapi_permission (id, "action", subject, properties, conditions, role, created_at, updated_at) VALUES (115, 'plugins::users-permissions.email-templates.update', NULL, '{}', '[]', 1, 1635460573227, 1635460573231);
INSERT INTO strapi_permission (id, "action", subject, properties, conditions, role, created_at, updated_at) VALUES (116, 'plugins::users-permissions.advanced-settings.read', NULL, '{}', '[]', 1, 1635460573238, 1635460573241);
INSERT INTO strapi_permission (id, "action", subject, properties, conditions, role, created_at, updated_at) VALUES (117, 'plugins::users-permissions.advanced-settings.update', NULL, '{}', '[]', 1, 1635460573246, 1635460573249);
INSERT INTO strapi_permission (id, "action", subject, properties, conditions, role, created_at, updated_at) VALUES (118, 'admin::marketplace.read', NULL, '{}', '[]', 1, 1635460573254, 1635460573257);
INSERT INTO strapi_permission (id, "action", subject, properties, conditions, role, created_at, updated_at) VALUES (119, 'admin::marketplace.plugins.install', NULL, '{}', '[]', 1, 1635460573262, 1635460573265);
INSERT INTO strapi_permission (id, "action", subject, properties, conditions, role, created_at, updated_at) VALUES (120, 'admin::marketplace.plugins.uninstall', NULL, '{}', '[]', 1, 1635460573271, 1635460573274);
INSERT INTO strapi_permission (id, "action", subject, properties, conditions, role, created_at, updated_at) VALUES (121, 'admin::webhooks.create', NULL, '{}', '[]', 1, 1635460573279, 1635460573282);
INSERT INTO strapi_permission (id, "action", subject, properties, conditions, role, created_at, updated_at) VALUES (122, 'admin::webhooks.read', NULL, '{}', '[]', 1, 1635460573287, 1635460573290);
INSERT INTO strapi_permission (id, "action", subject, properties, conditions, role, created_at, updated_at) VALUES (123, 'admin::webhooks.update', NULL, '{}', '[]', 1, 1635460573295, 1635460573298);
INSERT INTO strapi_permission (id, "action", subject, properties, conditions, role, created_at, updated_at) VALUES (124, 'admin::webhooks.delete', NULL, '{}', '[]', 1, 1635460573303, 1635460573305);
INSERT INTO strapi_permission (id, "action", subject, properties, conditions, role, created_at, updated_at) VALUES (125, 'admin::users.create', NULL, '{}', '[]', 1, 1635460573309, 1635460573312);
INSERT INTO strapi_permission (id, "action", subject, properties, conditions, role, created_at, updated_at) VALUES (126, 'admin::users.read', NULL, '{}', '[]', 1, 1635460573317, 1635460573320);
INSERT INTO strapi_permission (id, "action", subject, properties, conditions, role, created_at, updated_at) VALUES (127, 'admin::users.update', NULL, '{}', '[]', 1, 1635460573326, 1635460573329);
INSERT INTO strapi_permission (id, "action", subject, properties, conditions, role, created_at, updated_at) VALUES (128, 'admin::users.delete', NULL, '{}', '[]', 1, 1635460573335, 1635460573338);
INSERT INTO strapi_permission (id, "action", subject, properties, conditions, role, created_at, updated_at) VALUES (129, 'admin::roles.create', NULL, '{}', '[]', 1, 1635460573344, 1635460573347);
INSERT INTO strapi_permission (id, "action", subject, properties, conditions, role, created_at, updated_at) VALUES (130, 'admin::roles.read', NULL, '{}', '[]', 1, 1635460573352, 1635460573355);
INSERT INTO strapi_permission (id, "action", subject, properties, conditions, role, created_at, updated_at) VALUES (131, 'admin::roles.update', NULL, '{}', '[]', 1, 1635460573359, 1635460573363);
INSERT INTO strapi_permission (id, "action", subject, properties, conditions, role, created_at, updated_at) VALUES (132, 'admin::roles.delete', NULL, '{}', '[]', 1, 1635460573369, 1635460573371);
INSERT INTO strapi_permission (id, "action", subject, properties, conditions, role, created_at, updated_at) VALUES (433, 'plugins::content-manager.explorer.create', 'application::global.global', '{"fields":["metadata.metaTitle","metadata.metaDescription","metadata.shareImage","metadata.twitterCardType","metadata.twitterUsername","metaTitleSuffix","favicon","notificationBanner.text","notificationBanner.type","navbar.links.url","navbar.links.newTab","navbar.links.text","navbar.button.url","navbar.button.newTab","navbar.button.text","navbar.button.type","navbar.logo","banner.Title","banner.Subtitle","banner.Image","footer.logo","footer.columns.title","footer.columns.links.url","footer.columns.links.newTab","footer.columns.links.text","footer.smallText"],"locales":["en","fr"]}', '[]', 1, 1635615204016, 1635615204019);
INSERT INTO strapi_permission (id, "action", subject, properties, conditions, role, created_at, updated_at) VALUES (434, 'plugins::content-manager.explorer.read', 'application::global.global', '{"fields":["metadata.metaTitle","metadata.metaDescription","metadata.shareImage","metadata.twitterCardType","metadata.twitterUsername","metaTitleSuffix","favicon","notificationBanner.text","notificationBanner.type","navbar.links.url","navbar.links.newTab","navbar.links.text","navbar.button.url","navbar.button.newTab","navbar.button.text","navbar.button.type","navbar.logo","banner.Title","banner.Subtitle","banner.Image","footer.logo","footer.columns.title","footer.columns.links.url","footer.columns.links.newTab","footer.columns.links.text","footer.smallText"],"locales":["en","fr"]}', '[]', 1, 1635615204025, 1635615204028);
INSERT INTO strapi_permission (id, "action", subject, properties, conditions, role, created_at, updated_at) VALUES (435, 'plugins::content-manager.explorer.update', 'application::global.global', '{"fields":["metadata.metaTitle","metadata.metaDescription","metadata.shareImage","metadata.twitterCardType","metadata.twitterUsername","metaTitleSuffix","favicon","notificationBanner.text","notificationBanner.type","navbar.links.url","navbar.links.newTab","navbar.links.text","navbar.button.url","navbar.button.newTab","navbar.button.text","navbar.button.type","navbar.logo","banner.Title","banner.Subtitle","banner.Image","footer.logo","footer.columns.title","footer.columns.links.url","footer.columns.links.newTab","footer.columns.links.text","footer.smallText"],"locales":["en","fr"]}', '[]', 1, 1635615204032, 1635615204034);
INSERT INTO strapi_permission (id, "action", subject, properties, conditions, role, created_at, updated_at) VALUES (1866, 'plugins::content-manager.explorer.delete', 'application::article.article', '{}', '[]', 1, 1637112303516, 1637112303520);
INSERT INTO strapi_permission (id, "action", subject, properties, conditions, role, created_at, updated_at) VALUES (1867, 'plugins::content-manager.explorer.delete', 'application::category.category', '{}', '[]', 1, 1637112303525, 1637112303527);
INSERT INTO strapi_permission (id, "action", subject, properties, conditions, role, created_at, updated_at) VALUES (1868, 'plugins::content-manager.explorer.delete', 'application::global.global', '{"locales":["en","fr"]}', '[]', 1, 1637112303533, 1637112303537);
INSERT INTO strapi_permission (id, "action", subject, properties, conditions, role, created_at, updated_at) VALUES (1869, 'plugins::content-manager.explorer.delete', 'application::lead-form-submissions.lead-form-submissions', '{}', '[]', 1, 1637112303542, 1637112303545);
INSERT INTO strapi_permission (id, "action", subject, properties, conditions, role, created_at, updated_at) VALUES (1870, 'plugins::content-manager.explorer.delete', 'application::page.page', '{"locales":["en","fr"]}', '[]', 1, 1637112303550, 1637112303553);
INSERT INTO strapi_permission (id, "action", subject, properties, conditions, role, created_at, updated_at) VALUES (1871, 'plugins::content-manager.explorer.delete', 'application::writer.writer', '{}', '[]', 1, 1637112303557, 1637112303560);
INSERT INTO strapi_permission (id, "action", subject, properties, conditions, role, created_at, updated_at) VALUES (1872, 'plugins::content-manager.explorer.delete', 'plugins::users-permissions.user', '{}', '[]', 1, 1637112303564, 1637112303567);
INSERT INTO strapi_permission (id, "action", subject, properties, conditions, role, created_at, updated_at) VALUES (1873, 'plugins::content-manager.explorer.publish', 'application::article.article', '{}', '[]', 1, 1637112303571, 1637112303573);
INSERT INTO strapi_permission (id, "action", subject, properties, conditions, role, created_at, updated_at) VALUES (1874, 'plugins::content-manager.explorer.publish', 'application::category.category', '{}', '[]', 1, 1637112303577, 1637112303579);
INSERT INTO strapi_permission (id, "action", subject, properties, conditions, role, created_at, updated_at) VALUES (1875, 'plugins::content-manager.explorer.publish', 'application::writer.writer', '{}', '[]', 1, 1637112303585, 1637112303588);

-- Table : strapi_role
CREATE TABLE `strapi_role` (`id` integer not null primary key autoincrement, `name` varchar(255) not null, `code` varchar(255) not null, `description` varchar(255) null, `created_at` datetime null default CURRENT_TIMESTAMP, `updated_at` datetime null default CURRENT_TIMESTAMP);
INSERT INTO strapi_role (id, name, code, description, created_at, updated_at) VALUES (1, 'Super Admin', 'strapi-super-admin', 'Super Admins can access and manage all features and settings.', 1635460569819, 1635460569819);
INSERT INTO strapi_role (id, name, code, description, created_at, updated_at) VALUES (2, 'Editor', 'strapi-editor', 'Editors can manage and publish contents including those of other users.', 1635460570264, 1635460570264);
INSERT INTO strapi_role (id, name, code, description, created_at, updated_at) VALUES (3, 'Author', 'strapi-author', 'Authors can manage the content they have created.', 1635460570650, 1635460570650);

-- Table : strapi_users_roles
CREATE TABLE `strapi_users_roles` (`id` integer not null primary key autoincrement, `user_id` integer null, `role_id` integer null);
INSERT INTO strapi_users_roles (id, user_id, role_id) VALUES (1, 1, 1);

-- Table : strapi_webhooks
CREATE TABLE `strapi_webhooks` (`id` integer not null primary key autoincrement, `name` varchar(255) null, `url` text null, `headers` text null, `events` text null, `enabled` boolean null);

-- Table : upload_file
CREATE TABLE `upload_file` (`id` integer not null primary key autoincrement, `name` varchar(255) not null, `alternativeText` varchar(255) null, `caption` varchar(255) null, `width` integer null, `height` integer null, `formats` text null, `hash` varchar(255) not null, `ext` varchar(255) null, `mime` varchar(255) not null, `size` float not null, `url` varchar(255) not null, `previewUrl` varchar(255) null, `provider` varchar(255) not null, `provider_metadata` text null, `created_by` integer null, `updated_by` integer null, `created_at` datetime null default CURRENT_TIMESTAMP, `updated_at` datetime null default CURRENT_TIMESTAMP);
INSERT INTO upload_file (id, name, alternativeText, caption, width, height, formats, hash, ext, mime, size, url, previewUrl, provider, provider_metadata, created_by, updated_by, created_at, updated_at) VALUES (1, 'undraw-content-team.svg', 'undraw-content-team', NULL, 879, 552, NULL, 'undraw_content_team_b606aa1741', '.svg', 'image/svg+xml', 11.25, '/uploads/undraw_content_team_b606aa1741.svg', NULL, 'local', NULL, NULL, NULL, 1635460569204, 1635460572409);
INSERT INTO upload_file (id, name, alternativeText, caption, width, height, formats, hash, ext, mime, size, url, previewUrl, provider, provider_metadata, created_by, updated_by, created_at, updated_at) VALUES (2, 'preview.svg', 'preview', NULL, 24, 24, NULL, 'preview_6a65b9ffeb', '.svg', 'image/svg+xml', 0.92, '/uploads/preview_6a65b9ffeb.svg', NULL, 'local', NULL, NULL, NULL, 1635460569260, 1635460572419);
INSERT INTO upload_file (id, name, alternativeText, caption, width, height, formats, hash, ext, mime, size, url, previewUrl, provider, provider_metadata, created_by, updated_by, created_at, updated_at) VALUES (3, 'favicon.png', 'favicon', NULL, 512, 512, '{"thumbnail":{"name":"thumbnail_favicon.png","hash":"thumbnail_favicon_bdd574e1b1","ext":".png","mime":"image/png","width":156,"height":156,"size":6.27,"path":null,"url":"/uploads/thumbnail_favicon_bdd574e1b1.png"},"small":{"name":"small_favicon.png","hash":"small_favicon_bdd574e1b1","ext":".png","mime":"image/png","width":500,"height":500,"size":28.98,"path":null,"url":"/uploads/small_favicon_bdd574e1b1.png"}}', 'favicon_bdd574e1b1', '.png', 'image/png', 5.26, '/uploads/favicon_bdd574e1b1.png', NULL, 'local', NULL, NULL, NULL, 1635460569346, 1635460572427);
INSERT INTO upload_file (id, name, alternativeText, caption, width, height, formats, hash, ext, mime, size, url, previewUrl, provider, provider_metadata, created_by, updated_by, created_at, updated_at) VALUES (4, 'undraw-create-page.svg', 'undraw-create-page', NULL, 818, 610, NULL, 'undraw_create_page_da478a8efe', '.svg', 'image/svg+xml', 13.29, '/uploads/undraw_create_page_da478a8efe.svg', NULL, 'local', NULL, NULL, NULL, 1635460569361, 1635460572438);
INSERT INTO upload_file (id, name, alternativeText, caption, width, height, formats, hash, ext, mime, size, url, previewUrl, provider, provider_metadata, created_by, updated_by, created_at, updated_at) VALUES (6, 'devices.svg', 'devices', NULL, 24, 24, NULL, 'devices_347a7cf626', '.svg', 'image/svg+xml', 0.32, '/uploads/devices_347a7cf626.svg', NULL, 'local', NULL, NULL, NULL, 1635460569412, 1635460572454);
INSERT INTO upload_file (id, name, alternativeText, caption, width, height, formats, hash, ext, mime, size, url, previewUrl, provider, provider_metadata, created_by, updated_by, created_at, updated_at) VALUES (8, 'palette.svg', 'palette', NULL, 24, 24, NULL, 'palette_c137f25275', '.svg', 'image/svg+xml', 1.09, '/uploads/palette_c137f25275.svg', NULL, 'local', NULL, NULL, NULL, 1635460569443, 1635460572473);
INSERT INTO upload_file (id, name, alternativeText, caption, width, height, formats, hash, ext, mime, size, url, previewUrl, provider, provider_metadata, created_by, updated_by, created_at, updated_at) VALUES (9, 'undraw-design-page.svg', 'undraw-design-page', NULL, 830, 665, NULL, 'undraw_design_page_88a37cd8c8', '.svg', 'image/svg+xml', 10.35, '/uploads/undraw_design_page_88a37cd8c8.svg', NULL, 'local', NULL, NULL, NULL, 1635460569455, 1635460572484);
INSERT INTO upload_file (id, name, alternativeText, caption, width, height, formats, hash, ext, mime, size, url, previewUrl, provider, provider_metadata, created_by, updated_by, created_at, updated_at) VALUES (10, 'favicon.png', 'favicon', NULL, 512, 512, '{"thumbnail":{"name":"thumbnail_favicon.png","hash":"thumbnail_favicon_71165b35c4","ext":".png","mime":"image/png","width":156,"height":156,"size":6.27,"path":null,"url":"/uploads/thumbnail_favicon_71165b35c4.png"},"small":{"name":"small_favicon.png","hash":"small_favicon_71165b35c4","ext":".png","mime":"image/png","width":500,"height":500,"size":28.98,"path":null,"url":"/uploads/small_favicon_71165b35c4.png"}}', 'favicon_71165b35c4', '.png', 'image/png', 5.26, '/uploads/favicon_71165b35c4.png', NULL, 'local', NULL, NULL, NULL, 1635460569467, 1635460572495);
INSERT INTO upload_file (id, name, alternativeText, caption, width, height, formats, hash, ext, mime, size, url, previewUrl, provider, provider_metadata, created_by, updated_by, created_at, updated_at) VALUES (11, 'undraw-content-team.png', 'undraw-content-team', NULL, 1119, 712, '{"thumbnail":{"name":"thumbnail_undraw-content-team.png","hash":"thumbnail_undraw_content_team_16e76abce8","ext":".png","mime":"image/png","width":245,"height":156,"size":13.35,"path":null,"url":"/uploads/thumbnail_undraw_content_team_16e76abce8.png"},"large":{"name":"large_undraw-content-team.png","hash":"large_undraw_content_team_16e76abce8","ext":".png","mime":"image/png","width":1000,"height":636,"size":69.74,"path":null,"url":"/uploads/large_undraw_content_team_16e76abce8.png"},"medium":{"name":"medium_undraw-content-team.png","hash":"medium_undraw_content_team_16e76abce8","ext":".png","mime":"image/png","width":750,"height":477,"size":48.36,"path":null,"url":"/uploads/medium_undraw_content_team_16e76abce8.png"},"small":{"name":"small_undraw-content-team.png","hash":"small_undraw_content_team_16e76abce8","ext":".png","mime":"image/png","width":500,"height":318,"size":30.2,"path":null,"url":"/uploads/small_undraw_content_team_16e76abce8.png"}}', 'undraw_content_team_16e76abce8', '.png', 'image/png', 40.6, '/uploads/undraw_content_team_16e76abce8.png', NULL, 'local', NULL, NULL, NULL, 1635460569479, 1635460572504);
INSERT INTO upload_file (id, name, alternativeText, caption, width, height, formats, hash, ext, mime, size, url, previewUrl, provider, provider_metadata, created_by, updated_by, created_at, updated_at) VALUES (12, 'logo.png', 'logo', NULL, 1000, 265, '{"thumbnail":{"name":"thumbnail_logo.png","hash":"thumbnail_logo_362563cd1d","ext":".png","mime":"image/png","width":245,"height":65,"size":11.17,"path":null,"url":"/uploads/thumbnail_logo_362563cd1d.png"},"medium":{"name":"medium_logo.png","hash":"medium_logo_362563cd1d","ext":".png","mime":"image/png","width":750,"height":199,"size":49.18,"path":null,"url":"/uploads/medium_logo_362563cd1d.png"},"small":{"name":"small_logo.png","hash":"small_logo_362563cd1d","ext":".png","mime":"image/png","width":500,"height":133,"size":28.54,"path":null,"url":"/uploads/small_logo_362563cd1d.png"}}', 'logo_362563cd1d', '.png', 'image/png', 44.31, '/uploads/logo_362563cd1d.png', NULL, 'local', NULL, NULL, NULL, 1635460569493, 1635460572515);
INSERT INTO upload_file (id, name, alternativeText, caption, width, height, formats, hash, ext, mime, size, url, previewUrl, provider, provider_metadata, created_by, updated_by, created_at, updated_at) VALUES (13, 'undraw-design-page.svg', 'undraw-design-page', NULL, 830, 665, NULL, 'undraw_design_page_0e27d2e17c', '.svg', 'image/svg+xml', 10.35, '/uploads/undraw_design_page_0e27d2e17c.svg', NULL, 'local', NULL, NULL, NULL, 1635460569505, 1635460572524);
INSERT INTO upload_file (id, name, alternativeText, caption, width, height, formats, hash, ext, mime, size, url, previewUrl, provider, provider_metadata, created_by, updated_by, created_at, updated_at) VALUES (14, 'logo.png', 'logo', NULL, 1000, 265, '{"thumbnail":{"name":"thumbnail_logo.png","hash":"thumbnail_logo_d0b9ec425c","ext":".png","mime":"image/png","width":245,"height":65,"size":11.17,"path":null,"url":"/uploads/thumbnail_logo_d0b9ec425c.png"},"medium":{"name":"medium_logo.png","hash":"medium_logo_d0b9ec425c","ext":".png","mime":"image/png","width":750,"height":199,"size":49.18,"path":null,"url":"/uploads/medium_logo_d0b9ec425c.png"},"small":{"name":"small_logo.png","hash":"small_logo_d0b9ec425c","ext":".png","mime":"image/png","width":500,"height":133,"size":28.54,"path":null,"url":"/uploads/small_logo_d0b9ec425c.png"}}', 'logo_d0b9ec425c', '.png', 'image/png', 44.31, '/uploads/logo_d0b9ec425c.png', NULL, 'local', NULL, NULL, NULL, 1635460569525, 1635460572535);
INSERT INTO upload_file (id, name, alternativeText, caption, width, height, formats, hash, ext, mime, size, url, previewUrl, provider, provider_metadata, created_by, updated_by, created_at, updated_at) VALUES (15, 'undraw-content-team.svg', 'undraw-content-team', NULL, 879, 552, NULL, 'undraw_content_team_e3e0a2509e', '.svg', 'image/svg+xml', 11.25, '/uploads/undraw_content_team_e3e0a2509e.svg', NULL, 'local', NULL, NULL, NULL, 1635460569545, 1635460572544);
INSERT INTO upload_file (id, name, alternativeText, caption, width, height, formats, hash, ext, mime, size, url, previewUrl, provider, provider_metadata, created_by, updated_by, created_at, updated_at) VALUES (16, 'devices.svg', 'devices', NULL, 24, 24, NULL, 'devices_fd7d0941a5', '.svg', 'image/svg+xml', 0.32, '/uploads/devices_fd7d0941a5.svg', NULL, 'local', NULL, NULL, NULL, 1635460569572, 1635460572552);
INSERT INTO upload_file (id, name, alternativeText, caption, width, height, formats, hash, ext, mime, size, url, previewUrl, provider, provider_metadata, created_by, updated_by, created_at, updated_at) VALUES (17, 'undraw-content-team.png', 'undraw-content-team', NULL, 1119, 712, '{"thumbnail":{"name":"thumbnail_undraw-content-team.png","hash":"thumbnail_undraw_content_team_23f64ec8b3","ext":".png","mime":"image/png","width":245,"height":156,"size":13.35,"path":null,"url":"/uploads/thumbnail_undraw_content_team_23f64ec8b3.png"},"large":{"name":"large_undraw-content-team.png","hash":"large_undraw_content_team_23f64ec8b3","ext":".png","mime":"image/png","width":1000,"height":636,"size":69.74,"path":null,"url":"/uploads/large_undraw_content_team_23f64ec8b3.png"},"medium":{"name":"medium_undraw-content-team.png","hash":"medium_undraw_content_team_23f64ec8b3","ext":".png","mime":"image/png","width":750,"height":477,"size":48.36,"path":null,"url":"/uploads/medium_undraw_content_team_23f64ec8b3.png"},"small":{"name":"small_undraw-content-team.png","hash":"small_undraw_content_team_23f64ec8b3","ext":".png","mime":"image/png","width":500,"height":318,"size":30.2,"path":null,"url":"/uploads/small_undraw_content_team_23f64ec8b3.png"}}', 'undraw_content_team_23f64ec8b3', '.png', 'image/png', 40.6, '/uploads/undraw_content_team_23f64ec8b3.png', NULL, 'local', NULL, NULL, NULL, 1635460569587, 1635460572564);
INSERT INTO upload_file (id, name, alternativeText, caption, width, height, formats, hash, ext, mime, size, url, previewUrl, provider, provider_metadata, created_by, updated_by, created_at, updated_at) VALUES (18, 'logo.png', 'logo', NULL, 1000, 265, '{"thumbnail":{"name":"thumbnail_logo.png","hash":"thumbnail_logo_47af5d5bf0","ext":".png","mime":"image/png","width":245,"height":65,"size":11.17,"path":null,"url":"/uploads/thumbnail_logo_47af5d5bf0.png"},"medium":{"name":"medium_logo.png","hash":"medium_logo_47af5d5bf0","ext":".png","mime":"image/png","width":750,"height":199,"size":49.18,"path":null,"url":"/uploads/medium_logo_47af5d5bf0.png"},"small":{"name":"small_logo.png","hash":"small_logo_47af5d5bf0","ext":".png","mime":"image/png","width":500,"height":133,"size":28.54,"path":null,"url":"/uploads/small_logo_47af5d5bf0.png"}}', 'logo_47af5d5bf0', '.png', 'image/png', 44.31, '/uploads/logo_47af5d5bf0.png', NULL, 'local', NULL, NULL, NULL, 1635460569600, 1635460572574);
INSERT INTO upload_file (id, name, alternativeText, caption, width, height, formats, hash, ext, mime, size, url, previewUrl, provider, provider_metadata, created_by, updated_by, created_at, updated_at) VALUES (19, 'preview.svg', 'preview', NULL, 24, 24, NULL, 'preview_deec0701fc', '.svg', 'image/svg+xml', 0.92, '/uploads/preview_deec0701fc.svg', NULL, 'local', NULL, NULL, NULL, 1635460569611, 1635460572584);
INSERT INTO upload_file (id, name, alternativeText, caption, width, height, formats, hash, ext, mime, size, url, previewUrl, provider, provider_metadata, created_by, updated_by, created_at, updated_at) VALUES (20, 'undraw-content-team.png', 'undraw-content-team', NULL, 1119, 712, '{"thumbnail":{"name":"thumbnail_undraw-content-team.png","hash":"thumbnail_undraw_content_team_fcdc77ae18","ext":".png","mime":"image/png","width":245,"height":156,"size":13.35,"path":null,"url":"/uploads/thumbnail_undraw_content_team_fcdc77ae18.png"},"large":{"name":"large_undraw-content-team.png","hash":"large_undraw_content_team_fcdc77ae18","ext":".png","mime":"image/png","width":1000,"height":636,"size":69.74,"path":null,"url":"/uploads/large_undraw_content_team_fcdc77ae18.png"},"medium":{"name":"medium_undraw-content-team.png","hash":"medium_undraw_content_team_fcdc77ae18","ext":".png","mime":"image/png","width":750,"height":477,"size":48.36,"path":null,"url":"/uploads/medium_undraw_content_team_fcdc77ae18.png"},"small":{"name":"small_undraw-content-team.png","hash":"small_undraw_content_team_fcdc77ae18","ext":".png","mime":"image/png","width":500,"height":318,"size":30.2,"path":null,"url":"/uploads/small_undraw_content_team_fcdc77ae18.png"}}', 'undraw_content_team_fcdc77ae18', '.png', 'image/png', 40.6, '/uploads/undraw_content_team_fcdc77ae18.png', NULL, 'local', NULL, NULL, NULL, 1635460569623, 1635460572595);
INSERT INTO upload_file (id, name, alternativeText, caption, width, height, formats, hash, ext, mime, size, url, previewUrl, provider, provider_metadata, created_by, updated_by, created_at, updated_at) VALUES (21, 'undraw-create-page.svg', 'undraw-create-page', NULL, 818, 610, NULL, 'undraw_create_page_e66345f5f6', '.svg', 'image/svg+xml', 13.29, '/uploads/undraw_create_page_e66345f5f6.svg', NULL, 'local', NULL, NULL, NULL, 1635460569636, 1635460572603);
INSERT INTO upload_file (id, name, alternativeText, caption, width, height, formats, hash, ext, mime, size, url, previewUrl, provider, provider_metadata, created_by, updated_by, created_at, updated_at) VALUES (22, 'palette.svg', 'palette', NULL, 24, 24, NULL, 'palette_55b926a6ae', '.svg', 'image/svg+xml', 1.09, '/uploads/palette_55b926a6ae.svg', NULL, 'local', NULL, NULL, NULL, 1635460569648, 1635460572614);
INSERT INTO upload_file (id, name, alternativeText, caption, width, height, formats, hash, ext, mime, size, url, previewUrl, provider, provider_metadata, created_by, updated_by, created_at, updated_at) VALUES (23, 'logo.png', 'logo', NULL, 1000, 265, '{"thumbnail":{"name":"thumbnail_logo.png","hash":"thumbnail_logo_94a65bb3e9","ext":".png","mime":"image/png","width":245,"height":65,"size":11.17,"path":null,"url":"/uploads/thumbnail_logo_94a65bb3e9.png"},"medium":{"name":"medium_logo.png","hash":"medium_logo_94a65bb3e9","ext":".png","mime":"image/png","width":750,"height":199,"size":49.18,"path":null,"url":"/uploads/medium_logo_94a65bb3e9.png"},"small":{"name":"small_logo.png","hash":"small_logo_94a65bb3e9","ext":".png","mime":"image/png","width":500,"height":133,"size":28.54,"path":null,"url":"/uploads/small_logo_94a65bb3e9.png"}}', 'logo_94a65bb3e9', '.png', 'image/png', 44.31, '/uploads/logo_94a65bb3e9.png', NULL, 'local', NULL, NULL, NULL, 1635460569661, 1635460572624);
INSERT INTO upload_file (id, name, alternativeText, caption, width, height, formats, hash, ext, mime, size, url, previewUrl, provider, provider_metadata, created_by, updated_by, created_at, updated_at) VALUES (24, 'logo.png', 'logo', NULL, 1000, 265, '{"thumbnail":{"name":"thumbnail_logo.png","hash":"thumbnail_logo_8b67c21858","ext":".png","mime":"image/png","width":245,"height":65,"size":11.17,"path":null,"url":"/uploads/thumbnail_logo_8b67c21858.png"},"medium":{"name":"medium_logo.png","hash":"medium_logo_8b67c21858","ext":".png","mime":"image/png","width":750,"height":199,"size":49.18,"path":null,"url":"/uploads/medium_logo_8b67c21858.png"},"small":{"name":"small_logo.png","hash":"small_logo_8b67c21858","ext":".png","mime":"image/png","width":500,"height":133,"size":28.54,"path":null,"url":"/uploads/small_logo_8b67c21858.png"}}', 'logo_8b67c21858', '.png', 'image/png', 44.31, '/uploads/logo_8b67c21858.png', NULL, 'local', NULL, NULL, NULL, 1635460569675, 1635460572634);
INSERT INTO upload_file (id, name, alternativeText, caption, width, height, formats, hash, ext, mime, size, url, previewUrl, provider, provider_metadata, created_by, updated_by, created_at, updated_at) VALUES (25, 'logo.png', 'logo', NULL, 1000, 265, '{"thumbnail":{"name":"thumbnail_logo.png","hash":"thumbnail_logo_f1e2a24387","ext":".png","mime":"image/png","width":245,"height":65,"size":11.17,"path":null,"url":"/uploads/thumbnail_logo_f1e2a24387.png"},"medium":{"name":"medium_logo.png","hash":"medium_logo_f1e2a24387","ext":".png","mime":"image/png","width":750,"height":199,"size":49.18,"path":null,"url":"/uploads/medium_logo_f1e2a24387.png"},"small":{"name":"small_logo.png","hash":"small_logo_f1e2a24387","ext":".png","mime":"image/png","width":500,"height":133,"size":28.54,"path":null,"url":"/uploads/small_logo_f1e2a24387.png"}}', 'logo_f1e2a24387', '.png', 'image/png', 44.31, '/uploads/logo_f1e2a24387.png', NULL, 'local', NULL, NULL, NULL, 1635460569687, 1635460572644);
INSERT INTO upload_file (id, name, alternativeText, caption, width, height, formats, hash, ext, mime, size, url, previewUrl, provider, provider_metadata, created_by, updated_by, created_at, updated_at) VALUES (26, 'undraw-content-team.png', 'undraw-content-team', NULL, 1119, 712, '{"thumbnail":{"name":"thumbnail_undraw-content-team.png","hash":"thumbnail_undraw_content_team_884bf2d923","ext":".png","mime":"image/png","width":245,"height":156,"size":13.35,"path":null,"url":"/uploads/thumbnail_undraw_content_team_884bf2d923.png"},"large":{"name":"large_undraw-content-team.png","hash":"large_undraw_content_team_884bf2d923","ext":".png","mime":"image/png","width":1000,"height":636,"size":69.74,"path":null,"url":"/uploads/large_undraw_content_team_884bf2d923.png"},"medium":{"name":"medium_undraw-content-team.png","hash":"medium_undraw_content_team_884bf2d923","ext":".png","mime":"image/png","width":750,"height":477,"size":48.36,"path":null,"url":"/uploads/medium_undraw_content_team_884bf2d923.png"},"small":{"name":"small_undraw-content-team.png","hash":"small_undraw_content_team_884bf2d923","ext":".png","mime":"image/png","width":500,"height":318,"size":30.2,"path":null,"url":"/uploads/small_undraw_content_team_884bf2d923.png"}}', 'undraw_content_team_884bf2d923', '.png', 'image/png', 40.6, '/uploads/undraw_content_team_884bf2d923.png', NULL, 'local', NULL, NULL, NULL, 1635460569698, 1635460572653);
INSERT INTO upload_file (id, name, alternativeText, caption, width, height, formats, hash, ext, mime, size, url, previewUrl, provider, provider_metadata, created_by, updated_by, created_at, updated_at) VALUES (27, 'logo.png', 'logo', NULL, 1000, 265, '{"thumbnail":{"name":"thumbnail_logo.png","hash":"thumbnail_logo_8b352bcb97","ext":".png","mime":"image/png","width":245,"height":65,"size":11.17,"path":null,"url":"/uploads/thumbnail_logo_8b352bcb97.png"},"medium":{"name":"medium_logo.png","hash":"medium_logo_8b352bcb97","ext":".png","mime":"image/png","width":750,"height":199,"size":49.18,"path":null,"url":"/uploads/medium_logo_8b352bcb97.png"},"small":{"name":"small_logo.png","hash":"small_logo_8b352bcb97","ext":".png","mime":"image/png","width":500,"height":133,"size":28.54,"path":null,"url":"/uploads/small_logo_8b352bcb97.png"}}', 'logo_8b352bcb97', '.png', 'image/png', 44.31, '/uploads/logo_8b352bcb97.png', NULL, 'local', NULL, NULL, NULL, 1635460569711, 1635460572662);
INSERT INTO upload_file (id, name, alternativeText, caption, width, height, formats, hash, ext, mime, size, url, previewUrl, provider, provider_metadata, created_by, updated_by, created_at, updated_at) VALUES (28, 'logo.png', 'logo', NULL, 1000, 265, '{"thumbnail":{"name":"thumbnail_logo.png","hash":"thumbnail_logo_1dceb31fd1","ext":".png","mime":"image/png","width":245,"height":65,"size":11.17,"path":null,"url":"/uploads/thumbnail_logo_1dceb31fd1.png"},"medium":{"name":"medium_logo.png","hash":"medium_logo_1dceb31fd1","ext":".png","mime":"image/png","width":750,"height":199,"size":49.18,"path":null,"url":"/uploads/medium_logo_1dceb31fd1.png"},"small":{"name":"small_logo.png","hash":"small_logo_1dceb31fd1","ext":".png","mime":"image/png","width":500,"height":133,"size":28.54,"path":null,"url":"/uploads/small_logo_1dceb31fd1.png"}}', 'logo_1dceb31fd1', '.png', 'image/png', 44.31, '/uploads/logo_1dceb31fd1.png', NULL, 'local', NULL, NULL, NULL, 1635460569724, 1635460572671);
INSERT INTO upload_file (id, name, alternativeText, caption, width, height, formats, hash, ext, mime, size, url, previewUrl, provider, provider_metadata, created_by, updated_by, created_at, updated_at) VALUES (29, 'logo.png', 'logo', NULL, 1000, 265, '{"thumbnail":{"name":"thumbnail_logo.png","hash":"thumbnail_logo_cba7b48321","ext":".png","mime":"image/png","width":245,"height":65,"size":11.17,"path":null,"url":"/uploads/thumbnail_logo_cba7b48321.png"},"medium":{"name":"medium_logo.png","hash":"medium_logo_cba7b48321","ext":".png","mime":"image/png","width":750,"height":199,"size":49.18,"path":null,"url":"/uploads/medium_logo_cba7b48321.png"},"small":{"name":"small_logo.png","hash":"small_logo_cba7b48321","ext":".png","mime":"image/png","width":500,"height":133,"size":28.54,"path":null,"url":"/uploads/small_logo_cba7b48321.png"}}', 'logo_cba7b48321', '.png', 'image/png', 44.31, '/uploads/logo_cba7b48321.png', NULL, 'local', NULL, NULL, NULL, 1635460569740, 1635460572680);
INSERT INTO upload_file (id, name, alternativeText, caption, width, height, formats, hash, ext, mime, size, url, previewUrl, provider, provider_metadata, created_by, updated_by, created_at, updated_at) VALUES (30, 'logo.png', 'logo', NULL, 1000, 265, '{"thumbnail":{"name":"thumbnail_logo.png","hash":"thumbnail_logo_a4669b1f49","ext":".png","mime":"image/png","width":245,"height":65,"size":11.17,"path":null,"url":"/uploads/thumbnail_logo_a4669b1f49.png"},"medium":{"name":"medium_logo.png","hash":"medium_logo_a4669b1f49","ext":".png","mime":"image/png","width":750,"height":199,"size":49.18,"path":null,"url":"/uploads/medium_logo_a4669b1f49.png"},"small":{"name":"small_logo.png","hash":"small_logo_a4669b1f49","ext":".png","mime":"image/png","width":500,"height":133,"size":28.54,"path":null,"url":"/uploads/small_logo_a4669b1f49.png"}}', 'logo_a4669b1f49', '.png', 'image/png', 44.31, '/uploads/logo_a4669b1f49.png', NULL, 'local', NULL, NULL, NULL, 1635460569754, 1635460572692);
INSERT INTO upload_file (id, name, alternativeText, caption, width, height, formats, hash, ext, mime, size, url, previewUrl, provider, provider_metadata, created_by, updated_by, created_at, updated_at) VALUES (31, 'user.png', 'user', NULL, 652, 928, '{"thumbnail":{"name":"thumbnail_user.png","hash":"thumbnail_user_59e66442b8","ext":".png","mime":"image/png","width":110,"height":156,"size":47.12,"path":null,"url":"/uploads/thumbnail_user_59e66442b8.png"},"medium":{"name":"medium_user.png","hash":"medium_user_59e66442b8","ext":".png","mime":"image/png","width":527,"height":750,"size":893.74,"path":null,"url":"/uploads/medium_user_59e66442b8.png"},"small":{"name":"small_user.png","hash":"small_user_59e66442b8","ext":".png","mime":"image/png","width":351,"height":500,"size":408.99,"path":null,"url":"/uploads/small_user_59e66442b8.png"}}', 'user_59e66442b8', '.png', 'image/png', 1229.38, '/uploads/user_59e66442b8.png', NULL, 'local', NULL, NULL, NULL, 1635460569766, 1635460572702);
INSERT INTO upload_file (id, name, alternativeText, caption, width, height, formats, hash, ext, mime, size, url, previewUrl, provider, provider_metadata, created_by, updated_by, created_at, updated_at) VALUES (32, 'user.png', 'user', NULL, 652, 928, '{"thumbnail":{"name":"thumbnail_user.png","hash":"thumbnail_user_bd259890ad","ext":".png","mime":"image/png","width":110,"height":156,"size":47.12,"path":null,"url":"/uploads/thumbnail_user_bd259890ad.png"},"medium":{"name":"medium_user.png","hash":"medium_user_bd259890ad","ext":".png","mime":"image/png","width":527,"height":750,"size":893.74,"path":null,"url":"/uploads/medium_user_bd259890ad.png"},"small":{"name":"small_user.png","hash":"small_user_bd259890ad","ext":".png","mime":"image/png","width":351,"height":500,"size":408.99,"path":null,"url":"/uploads/small_user_bd259890ad.png"}}', 'user_bd259890ad', '.png', 'image/png', 1229.38, '/uploads/user_bd259890ad.png', NULL, 'local', NULL, NULL, NULL, 1635460569785, 1635460572711);
INSERT INTO upload_file (id, name, alternativeText, caption, width, height, formats, hash, ext, mime, size, url, previewUrl, provider, provider_metadata, created_by, updated_by, created_at, updated_at) VALUES (33, 'logoS.png', '', '', 150, 150, NULL, 'logo_S_f4d6942b4a', '.png', 'image/png', 6.23, '/uploads/logo_S_f4d6942b4a.png', NULL, 'local', NULL, 1, 1, 1635616939171, 1635616939180);
INSERT INTO upload_file (id, name, alternativeText, caption, width, height, formats, hash, ext, mime, size, url, previewUrl, provider, provider_metadata, created_by, updated_by, created_at, updated_at) VALUES (34, 'banner-image.jpeg', '', '', 6605, 1786, '{"thumbnail":{"name":"thumbnail_banner-image.jpeg","hash":"thumbnail_banner_image_375383fe40","ext":".jpeg","mime":"image/jpeg","width":245,"height":66,"size":5.97,"path":null,"url":"/uploads/thumbnail_banner_image_375383fe40.jpeg"},"large":{"name":"large_banner-image.jpeg","hash":"large_banner_image_375383fe40","ext":".jpeg","mime":"image/jpeg","width":1000,"height":270,"size":51.19,"path":null,"url":"/uploads/large_banner_image_375383fe40.jpeg"},"medium":{"name":"medium_banner-image.jpeg","hash":"medium_banner_image_375383fe40","ext":".jpeg","mime":"image/jpeg","width":750,"height":203,"size":31.78,"path":null,"url":"/uploads/medium_banner_image_375383fe40.jpeg"},"small":{"name":"small_banner-image.jpeg","hash":"small_banner_image_375383fe40","ext":".jpeg","mime":"image/jpeg","width":500,"height":135,"size":17.07,"path":null,"url":"/uploads/small_banner_image_375383fe40.jpeg"}}', 'banner_image_375383fe40', '.jpeg', 'image/jpeg', 990.79, '/uploads/banner_image_375383fe40.jpeg', NULL, 'local', NULL, 1, 1, 1635617081844, 1635617081853);
INSERT INTO upload_file (id, name, alternativeText, caption, width, height, formats, hash, ext, mime, size, url, previewUrl, provider, provider_metadata, created_by, updated_by, created_at, updated_at) VALUES (35, 'default-image.png', '', '', 140, 89, NULL, 'default_image_063dc47b50', '.png', 'image/png', 0.91, '/uploads/default_image_063dc47b50.png', NULL, 'local', NULL, 1, 1, 1635884008827, 1635884008837);

-- Table : upload_file_morph
CREATE TABLE `upload_file_morph` (`id` integer not null primary key autoincrement, `upload_file_id` integer null, `related_id` integer null, `related_type` text null, `field` text null, `order` integer null);
INSERT INTO upload_file_morph (id, upload_file_id, related_id, related_type, field, "order") VALUES (10, 10, 2, 'globals', 'favicon', 1);
INSERT INTO upload_file_morph (id, upload_file_id, related_id, related_type, field, "order") VALUES (12, 12, 2, 'components_layout_footers', 'logo', 1);
INSERT INTO upload_file_morph (id, upload_file_id, related_id, related_type, field, "order") VALUES (13, 13, 3, 'components_slices_feature_rows', 'media', 1);
INSERT INTO upload_file_morph (id, upload_file_id, related_id, related_type, field, "order") VALUES (14, 14, 2, 'components_layout_navbars', 'logo', 1);
INSERT INTO upload_file_morph (id, upload_file_id, related_id, related_type, field, "order") VALUES (15, 15, 2, 'components_slices_heroes', 'picture', 1);
INSERT INTO upload_file_morph (id, upload_file_id, related_id, related_type, field, "order") VALUES (16, 16, 5, 'components_slices_feature_columns', 'icon', 1);
INSERT INTO upload_file_morph (id, upload_file_id, related_id, related_type, field, "order") VALUES (17, 17, 2, 'components_meta_metadata', 'shareImage', 1);
INSERT INTO upload_file_morph (id, upload_file_id, related_id, related_type, field, "order") VALUES (19, 19, 4, 'components_slices_feature_columns', 'icon', 1);
INSERT INTO upload_file_morph (id, upload_file_id, related_id, related_type, field, "order") VALUES (21, 21, 4, 'components_slices_feature_rows', 'media', 1);
INSERT INTO upload_file_morph (id, upload_file_id, related_id, related_type, field, "order") VALUES (22, 22, 6, 'components_slices_feature_columns', 'icon', 1);
INSERT INTO upload_file_morph (id, upload_file_id, related_id, related_type, field, "order") VALUES (26, 26, 7, 'components_meta_metadata', 'shareImage', 1);
INSERT INTO upload_file_morph (id, upload_file_id, related_id, related_type, field, "order") VALUES (27, 27, 5, 'components_elements_logos', 'logo', 1);
INSERT INTO upload_file_morph (id, upload_file_id, related_id, related_type, field, "order") VALUES (28, 28, 4, 'components_elements_logos', 'logo', 1);
INSERT INTO upload_file_morph (id, upload_file_id, related_id, related_type, field, "order") VALUES (29, 29, 2, 'components_slices_testimonials', 'logo', 1);
INSERT INTO upload_file_morph (id, upload_file_id, related_id, related_type, field, "order") VALUES (30, 30, 6, 'components_elements_logos', 'logo', 1);
INSERT INTO upload_file_morph (id, upload_file_id, related_id, related_type, field, "order") VALUES (32, 32, 2, 'components_slices_testimonials', 'picture', 1);
INSERT INTO upload_file_morph (id, upload_file_id, related_id, related_type, field, "order") VALUES (39, 2, 1, 'writers', 'picture', 1);
INSERT INTO upload_file_morph (id, upload_file_id, related_id, related_type, field, "order") VALUES (40, 3, 2, 'writers', 'picture', 1);
INSERT INTO upload_file_morph (id, upload_file_id, related_id, related_type, field, "order") VALUES (83, 11, 1, 'components_meta_metadata', 'shareImage', 1);
INSERT INTO upload_file_morph (id, upload_file_id, related_id, related_type, field, "order") VALUES (84, 33, 1, 'components_layout_navbars', 'logo', 1);
INSERT INTO upload_file_morph (id, upload_file_id, related_id, related_type, field, "order") VALUES (85, 34, 1, 'components_layout_banners', 'Image', 1);
INSERT INTO upload_file_morph (id, upload_file_id, related_id, related_type, field, "order") VALUES (86, 33, 1, 'components_layout_footers', 'logo', 1);
INSERT INTO upload_file_morph (id, upload_file_id, related_id, related_type, field, "order") VALUES (87, 3, 1, 'globals', 'favicon', 1);
INSERT INTO upload_file_morph (id, upload_file_id, related_id, related_type, field, "order") VALUES (91, 20, 4, 'articles', 'image', 1);
INSERT INTO upload_file_morph (id, upload_file_id, related_id, related_type, field, "order") VALUES (92, 32, 5, 'articles', 'image', 1);
INSERT INTO upload_file_morph (id, upload_file_id, related_id, related_type, field, "order") VALUES (93, 20, 1, 'articles', 'image', 1);
INSERT INTO upload_file_morph (id, upload_file_id, related_id, related_type, field, "order") VALUES (95, 26, 2, 'articles', 'image', 1);
INSERT INTO upload_file_morph (id, upload_file_id, related_id, related_type, field, "order") VALUES (96, 11, 6, 'articles', 'image', 1);
INSERT INTO upload_file_morph (id, upload_file_id, related_id, related_type, field, "order") VALUES (97, 32, 3, 'articles', 'image', 1);
INSERT INTO upload_file_morph (id, upload_file_id, related_id, related_type, field, "order") VALUES (98, 20, 3, 'components_meta_metadata', 'shareImage', 1);

-- Table : users-permissions_permission
CREATE TABLE `users-permissions_permission` (`id` integer not null primary key autoincrement, `type` varchar(255) not null, `controller` varchar(255) not null, `action` varchar(255) not null, `enabled` boolean not null, `policy` varchar(255) null, `role` integer null, `created_by` integer null, `updated_by` integer null);
INSERT INTO "users-permissions_permission" (id, type, controller, "action", enabled, policy, role, created_by, updated_by) VALUES (1, 'application', 'article', 'count', 0, '', 1, NULL, NULL);
INSERT INTO "users-permissions_permission" (id, type, controller, "action", enabled, policy, role, created_by, updated_by) VALUES (2, 'application', 'article', 'count', 1, '', 2, NULL, NULL);
INSERT INTO "users-permissions_permission" (id, type, controller, "action", enabled, policy, role, created_by, updated_by) VALUES (3, 'application', 'article', 'create', 0, '', 1, NULL, NULL);
INSERT INTO "users-permissions_permission" (id, type, controller, "action", enabled, policy, role, created_by, updated_by) VALUES (4, 'application', 'article', 'create', 0, '', 2, NULL, NULL);
INSERT INTO "users-permissions_permission" (id, type, controller, "action", enabled, policy, role, created_by, updated_by) VALUES (5, 'application', 'article', 'delete', 0, '', 1, NULL, NULL);
INSERT INTO "users-permissions_permission" (id, type, controller, "action", enabled, policy, role, created_by, updated_by) VALUES (6, 'application', 'article', 'delete', 0, '', 2, NULL, NULL);
INSERT INTO "users-permissions_permission" (id, type, controller, "action", enabled, policy, role, created_by, updated_by) VALUES (7, 'application', 'article', 'find', 0, '', 1, NULL, NULL);
INSERT INTO "users-permissions_permission" (id, type, controller, "action", enabled, policy, role, created_by, updated_by) VALUES (8, 'application', 'article', 'find', 1, '', 2, NULL, NULL);
INSERT INTO "users-permissions_permission" (id, type, controller, "action", enabled, policy, role, created_by, updated_by) VALUES (9, 'application', 'article', 'findone', 0, '', 1, NULL, NULL);
INSERT INTO "users-permissions_permission" (id, type, controller, "action", enabled, policy, role, created_by, updated_by) VALUES (10, 'application', 'article', 'findone', 1, '', 2, NULL, NULL);
INSERT INTO "users-permissions_permission" (id, type, controller, "action", enabled, policy, role, created_by, updated_by) VALUES (11, 'application', 'article', 'update', 0, '', 1, NULL, NULL);
INSERT INTO "users-permissions_permission" (id, type, controller, "action", enabled, policy, role, created_by, updated_by) VALUES (12, 'application', 'article', 'update', 0, '', 2, NULL, NULL);
INSERT INTO "users-permissions_permission" (id, type, controller, "action", enabled, policy, role, created_by, updated_by) VALUES (13, 'application', 'category', 'count', 0, '', 1, NULL, NULL);
INSERT INTO "users-permissions_permission" (id, type, controller, "action", enabled, policy, role, created_by, updated_by) VALUES (14, 'application', 'category', 'count', 1, '', 2, NULL, NULL);
INSERT INTO "users-permissions_permission" (id, type, controller, "action", enabled, policy, role, created_by, updated_by) VALUES (15, 'application', 'category', 'create', 0, '', 1, NULL, NULL);
INSERT INTO "users-permissions_permission" (id, type, controller, "action", enabled, policy, role, created_by, updated_by) VALUES (16, 'application', 'category', 'create', 0, '', 2, NULL, NULL);
INSERT INTO "users-permissions_permission" (id, type, controller, "action", enabled, policy, role, created_by, updated_by) VALUES (17, 'application', 'category', 'delete', 0, '', 1, NULL, NULL);
INSERT INTO "users-permissions_permission" (id, type, controller, "action", enabled, policy, role, created_by, updated_by) VALUES (18, 'application', 'category', 'delete', 0, '', 2, NULL, NULL);
INSERT INTO "users-permissions_permission" (id, type, controller, "action", enabled, policy, role, created_by, updated_by) VALUES (19, 'application', 'category', 'find', 0, '', 1, NULL, NULL);
INSERT INTO "users-permissions_permission" (id, type, controller, "action", enabled, policy, role, created_by, updated_by) VALUES (20, 'application', 'category', 'find', 1, '', 2, NULL, NULL);
INSERT INTO "users-permissions_permission" (id, type, controller, "action", enabled, policy, role, created_by, updated_by) VALUES (21, 'application', 'category', 'findone', 0, '', 1, NULL, NULL);
INSERT INTO "users-permissions_permission" (id, type, controller, "action", enabled, policy, role, created_by, updated_by) VALUES (22, 'application', 'category', 'findone', 1, '', 2, NULL, NULL);
INSERT INTO "users-permissions_permission" (id, type, controller, "action", enabled, policy, role, created_by, updated_by) VALUES (23, 'application', 'category', 'update', 0, '', 1, NULL, NULL);
INSERT INTO "users-permissions_permission" (id, type, controller, "action", enabled, policy, role, created_by, updated_by) VALUES (24, 'application', 'category', 'update', 0, '', 2, NULL, NULL);
INSERT INTO "users-permissions_permission" (id, type, controller, "action", enabled, policy, role, created_by, updated_by) VALUES (25, 'application', 'global', 'createlocalization', 0, '', 1, NULL, NULL);
INSERT INTO "users-permissions_permission" (id, type, controller, "action", enabled, policy, role, created_by, updated_by) VALUES (26, 'application', 'global', 'createlocalization', 0, '', 2, NULL, NULL);
INSERT INTO "users-permissions_permission" (id, type, controller, "action", enabled, policy, role, created_by, updated_by) VALUES (27, 'application', 'global', 'delete', 0, '', 1, NULL, NULL);
INSERT INTO "users-permissions_permission" (id, type, controller, "action", enabled, policy, role, created_by, updated_by) VALUES (28, 'application', 'global', 'delete', 0, '', 2, NULL, NULL);
INSERT INTO "users-permissions_permission" (id, type, controller, "action", enabled, policy, role, created_by, updated_by) VALUES (29, 'application', 'global', 'find', 0, '', 1, NULL, NULL);
INSERT INTO "users-permissions_permission" (id, type, controller, "action", enabled, policy, role, created_by, updated_by) VALUES (30, 'application', 'global', 'find', 1, '', 2, NULL, NULL);
INSERT INTO "users-permissions_permission" (id, type, controller, "action", enabled, policy, role, created_by, updated_by) VALUES (31, 'application', 'global', 'update', 0, '', 1, NULL, NULL);
INSERT INTO "users-permissions_permission" (id, type, controller, "action", enabled, policy, role, created_by, updated_by) VALUES (32, 'application', 'global', 'update', 0, '', 2, NULL, NULL);
INSERT INTO "users-permissions_permission" (id, type, controller, "action", enabled, policy, role, created_by, updated_by) VALUES (33, 'application', 'lead-form-submissions', 'count', 0, '', 1, NULL, NULL);
INSERT INTO "users-permissions_permission" (id, type, controller, "action", enabled, policy, role, created_by, updated_by) VALUES (34, 'application', 'lead-form-submissions', 'count', 0, '', 2, NULL, NULL);
INSERT INTO "users-permissions_permission" (id, type, controller, "action", enabled, policy, role, created_by, updated_by) VALUES (35, 'application', 'lead-form-submissions', 'create', 0, '', 1, NULL, NULL);
INSERT INTO "users-permissions_permission" (id, type, controller, "action", enabled, policy, role, created_by, updated_by) VALUES (36, 'application', 'lead-form-submissions', 'create', 1, '', 2, NULL, NULL);
INSERT INTO "users-permissions_permission" (id, type, controller, "action", enabled, policy, role, created_by, updated_by) VALUES (37, 'application', 'lead-form-submissions', 'delete', 0, '', 1, NULL, NULL);
INSERT INTO "users-permissions_permission" (id, type, controller, "action", enabled, policy, role, created_by, updated_by) VALUES (38, 'application', 'lead-form-submissions', 'delete', 0, '', 2, NULL, NULL);
INSERT INTO "users-permissions_permission" (id, type, controller, "action", enabled, policy, role, created_by, updated_by) VALUES (39, 'application', 'lead-form-submissions', 'find', 0, '', 1, NULL, NULL);
INSERT INTO "users-permissions_permission" (id, type, controller, "action", enabled, policy, role, created_by, updated_by) VALUES (40, 'application', 'lead-form-submissions', 'find', 0, '', 2, NULL, NULL);
INSERT INTO "users-permissions_permission" (id, type, controller, "action", enabled, policy, role, created_by, updated_by) VALUES (41, 'application', 'lead-form-submissions', 'findone', 0, '', 1, NULL, NULL);
INSERT INTO "users-permissions_permission" (id, type, controller, "action", enabled, policy, role, created_by, updated_by) VALUES (42, 'application', 'lead-form-submissions', 'findone', 0, '', 2, NULL, NULL);
INSERT INTO "users-permissions_permission" (id, type, controller, "action", enabled, policy, role, created_by, updated_by) VALUES (43, 'application', 'lead-form-submissions', 'update', 0, '', 1, NULL, NULL);
INSERT INTO "users-permissions_permission" (id, type, controller, "action", enabled, policy, role, created_by, updated_by) VALUES (44, 'application', 'lead-form-submissions', 'update', 0, '', 2, NULL, NULL);
INSERT INTO "users-permissions_permission" (id, type, controller, "action", enabled, policy, role, created_by, updated_by) VALUES (45, 'application', 'page', 'count', 0, '', 1, NULL, NULL);
INSERT INTO "users-permissions_permission" (id, type, controller, "action", enabled, policy, role, created_by, updated_by) VALUES (46, 'application', 'page', 'count', 0, '', 2, NULL, NULL);
INSERT INTO "users-permissions_permission" (id, type, controller, "action", enabled, policy, role, created_by, updated_by) VALUES (47, 'application', 'page', 'create', 0, '', 1, NULL, NULL);
INSERT INTO "users-permissions_permission" (id, type, controller, "action", enabled, policy, role, created_by, updated_by) VALUES (48, 'application', 'page', 'create', 0, '', 2, NULL, NULL);
INSERT INTO "users-permissions_permission" (id, type, controller, "action", enabled, policy, role, created_by, updated_by) VALUES (49, 'application', 'page', 'createlocalization', 0, '', 1, NULL, NULL);
INSERT INTO "users-permissions_permission" (id, type, controller, "action", enabled, policy, role, created_by, updated_by) VALUES (50, 'application', 'page', 'createlocalization', 0, '', 2, NULL, NULL);
INSERT INTO "users-permissions_permission" (id, type, controller, "action", enabled, policy, role, created_by, updated_by) VALUES (51, 'application', 'page', 'delete', 0, '', 1, NULL, NULL);
INSERT INTO "users-permissions_permission" (id, type, controller, "action", enabled, policy, role, created_by, updated_by) VALUES (52, 'application', 'page', 'delete', 0, '', 2, NULL, NULL);
INSERT INTO "users-permissions_permission" (id, type, controller, "action", enabled, policy, role, created_by, updated_by) VALUES (53, 'application', 'page', 'find', 0, '', 1, NULL, NULL);
INSERT INTO "users-permissions_permission" (id, type, controller, "action", enabled, policy, role, created_by, updated_by) VALUES (54, 'application', 'page', 'find', 1, '', 2, NULL, NULL);
INSERT INTO "users-permissions_permission" (id, type, controller, "action", enabled, policy, role, created_by, updated_by) VALUES (55, 'application', 'page', 'findone', 0, '', 1, NULL, NULL);
INSERT INTO "users-permissions_permission" (id, type, controller, "action", enabled, policy, role, created_by, updated_by) VALUES (56, 'application', 'page', 'findone', 1, '', 2, NULL, NULL);
INSERT INTO "users-permissions_permission" (id, type, controller, "action", enabled, policy, role, created_by, updated_by) VALUES (57, 'application', 'page', 'update', 0, '', 1, NULL, NULL);
INSERT INTO "users-permissions_permission" (id, type, controller, "action", enabled, policy, role, created_by, updated_by) VALUES (58, 'application', 'page', 'update', 0, '', 2, NULL, NULL);
INSERT INTO "users-permissions_permission" (id, type, controller, "action", enabled, policy, role, created_by, updated_by) VALUES (59, 'application', 'writer', 'count', 0, '', 1, NULL, NULL);
INSERT INTO "users-permissions_permission" (id, type, controller, "action", enabled, policy, role, created_by, updated_by) VALUES (60, 'application', 'writer', 'count', 1, '', 2, NULL, NULL);
INSERT INTO "users-permissions_permission" (id, type, controller, "action", enabled, policy, role, created_by, updated_by) VALUES (61, 'application', 'writer', 'create', 0, '', 1, NULL, NULL);
INSERT INTO "users-permissions_permission" (id, type, controller, "action", enabled, policy, role, created_by, updated_by) VALUES (62, 'application', 'writer', 'create', 0, '', 2, NULL, NULL);
INSERT INTO "users-permissions_permission" (id, type, controller, "action", enabled, policy, role, created_by, updated_by) VALUES (63, 'application', 'writer', 'delete', 0, '', 1, NULL, NULL);
INSERT INTO "users-permissions_permission" (id, type, controller, "action", enabled, policy, role, created_by, updated_by) VALUES (64, 'application', 'writer', 'delete', 0, '', 2, NULL, NULL);
INSERT INTO "users-permissions_permission" (id, type, controller, "action", enabled, policy, role, created_by, updated_by) VALUES (65, 'application', 'writer', 'find', 0, '', 1, NULL, NULL);
INSERT INTO "users-permissions_permission" (id, type, controller, "action", enabled, policy, role, created_by, updated_by) VALUES (66, 'application', 'writer', 'find', 1, '', 2, NULL, NULL);
INSERT INTO "users-permissions_permission" (id, type, controller, "action", enabled, policy, role, created_by, updated_by) VALUES (67, 'application', 'writer', 'findone', 0, '', 1, NULL, NULL);
INSERT INTO "users-permissions_permission" (id, type, controller, "action", enabled, policy, role, created_by, updated_by) VALUES (68, 'application', 'writer', 'findone', 1, '', 2, NULL, NULL);
INSERT INTO "users-permissions_permission" (id, type, controller, "action", enabled, policy, role, created_by, updated_by) VALUES (69, 'application', 'writer', 'update', 0, '', 1, NULL, NULL);
INSERT INTO "users-permissions_permission" (id, type, controller, "action", enabled, policy, role, created_by, updated_by) VALUES (70, 'application', 'writer', 'update', 0, '', 2, NULL, NULL);
INSERT INTO "users-permissions_permission" (id, type, controller, "action", enabled, policy, role, created_by, updated_by) VALUES (71, 'content-manager', 'collection-types', 'bulkdelete', 0, '', 1, NULL, NULL);
INSERT INTO "users-permissions_permission" (id, type, controller, "action", enabled, policy, role, created_by, updated_by) VALUES (72, 'content-manager', 'collection-types', 'bulkdelete', 0, '', 2, NULL, NULL);
INSERT INTO "users-permissions_permission" (id, type, controller, "action", enabled, policy, role, created_by, updated_by) VALUES (73, 'content-manager', 'collection-types', 'create', 0, '', 1, NULL, NULL);
INSERT INTO "users-permissions_permission" (id, type, controller, "action", enabled, policy, role, created_by, updated_by) VALUES (74, 'content-manager', 'collection-types', 'create', 0, '', 2, NULL, NULL);
INSERT INTO "users-permissions_permission" (id, type, controller, "action", enabled, policy, role, created_by, updated_by) VALUES (75, 'content-manager', 'collection-types', 'delete', 0, '', 1, NULL, NULL);
INSERT INTO "users-permissions_permission" (id, type, controller, "action", enabled, policy, role, created_by, updated_by) VALUES (76, 'content-manager', 'collection-types', 'delete', 0, '', 2, NULL, NULL);
INSERT INTO "users-permissions_permission" (id, type, controller, "action", enabled, policy, role, created_by, updated_by) VALUES (77, 'content-manager', 'collection-types', 'find', 0, '', 1, NULL, NULL);
INSERT INTO "users-permissions_permission" (id, type, controller, "action", enabled, policy, role, created_by, updated_by) VALUES (78, 'content-manager', 'collection-types', 'find', 0, '', 2, NULL, NULL);
INSERT INTO "users-permissions_permission" (id, type, controller, "action", enabled, policy, role, created_by, updated_by) VALUES (79, 'content-manager', 'collection-types', 'findone', 0, '', 1, NULL, NULL);
INSERT INTO "users-permissions_permission" (id, type, controller, "action", enabled, policy, role, created_by, updated_by) VALUES (80, 'content-manager', 'collection-types', 'findone', 0, '', 2, NULL, NULL);
INSERT INTO "users-permissions_permission" (id, type, controller, "action", enabled, policy, role, created_by, updated_by) VALUES (81, 'content-manager', 'collection-types', 'previewmanyrelations', 0, '', 1, NULL, NULL);
INSERT INTO "users-permissions_permission" (id, type, controller, "action", enabled, policy, role, created_by, updated_by) VALUES (82, 'content-manager', 'collection-types', 'previewmanyrelations', 0, '', 2, NULL, NULL);
INSERT INTO "users-permissions_permission" (id, type, controller, "action", enabled, policy, role, created_by, updated_by) VALUES (83, 'content-manager', 'collection-types', 'publish', 0, '', 1, NULL, NULL);
INSERT INTO "users-permissions_permission" (id, type, controller, "action", enabled, policy, role, created_by, updated_by) VALUES (84, 'content-manager', 'collection-types', 'publish', 0, '', 2, NULL, NULL);
INSERT INTO "users-permissions_permission" (id, type, controller, "action", enabled, policy, role, created_by, updated_by) VALUES (85, 'content-manager', 'collection-types', 'unpublish', 0, '', 1, NULL, NULL);
INSERT INTO "users-permissions_permission" (id, type, controller, "action", enabled, policy, role, created_by, updated_by) VALUES (86, 'content-manager', 'collection-types', 'unpublish', 0, '', 2, NULL, NULL);
INSERT INTO "users-permissions_permission" (id, type, controller, "action", enabled, policy, role, created_by, updated_by) VALUES (87, 'content-manager', 'collection-types', 'update', 0, '', 1, NULL, NULL);
INSERT INTO "users-permissions_permission" (id, type, controller, "action", enabled, policy, role, created_by, updated_by) VALUES (88, 'content-manager', 'collection-types', 'update', 0, '', 2, NULL, NULL);
INSERT INTO "users-permissions_permission" (id, type, controller, "action", enabled, policy, role, created_by, updated_by) VALUES (89, 'content-manager', 'components', 'findcomponentconfiguration', 0, '', 1, NULL, NULL);
INSERT INTO "users-permissions_permission" (id, type, controller, "action", enabled, policy, role, created_by, updated_by) VALUES (90, 'content-manager', 'components', 'findcomponentconfiguration', 0, '', 2, NULL, NULL);
INSERT INTO "users-permissions_permission" (id, type, controller, "action", enabled, policy, role, created_by, updated_by) VALUES (91, 'content-manager', 'components', 'findcomponents', 0, '', 1, NULL, NULL);
INSERT INTO "users-permissions_permission" (id, type, controller, "action", enabled, policy, role, created_by, updated_by) VALUES (92, 'content-manager', 'components', 'findcomponents', 0, '', 2, NULL, NULL);
INSERT INTO "users-permissions_permission" (id, type, controller, "action", enabled, policy, role, created_by, updated_by) VALUES (93, 'content-manager', 'components', 'updatecomponentconfiguration', 0, '', 1, NULL, NULL);
INSERT INTO "users-permissions_permission" (id, type, controller, "action", enabled, policy, role, created_by, updated_by) VALUES (94, 'content-manager', 'components', 'updatecomponentconfiguration', 0, '', 2, NULL, NULL);
INSERT INTO "users-permissions_permission" (id, type, controller, "action", enabled, policy, role, created_by, updated_by) VALUES (95, 'content-manager', 'content-types', 'findcontenttypeconfiguration', 0, '', 1, NULL, NULL);
INSERT INTO "users-permissions_permission" (id, type, controller, "action", enabled, policy, role, created_by, updated_by) VALUES (96, 'content-manager', 'content-types', 'findcontenttypeconfiguration', 0, '', 2, NULL, NULL);
INSERT INTO "users-permissions_permission" (id, type, controller, "action", enabled, policy, role, created_by, updated_by) VALUES (97, 'content-manager', 'content-types', 'findcontenttypes', 0, '', 1, NULL, NULL);
INSERT INTO "users-permissions_permission" (id, type, controller, "action", enabled, policy, role, created_by, updated_by) VALUES (98, 'content-manager', 'content-types', 'findcontenttypes', 0, '', 2, NULL, NULL);
INSERT INTO "users-permissions_permission" (id, type, controller, "action", enabled, policy, role, created_by, updated_by) VALUES (99, 'content-manager', 'content-types', 'findcontenttypessettings', 0, '', 1, NULL, NULL);
INSERT INTO "users-permissions_permission" (id, type, controller, "action", enabled, policy, role, created_by, updated_by) VALUES (100, 'content-manager', 'content-types', 'findcontenttypessettings', 0, '', 2, NULL, NULL);
INSERT INTO "users-permissions_permission" (id, type, controller, "action", enabled, policy, role, created_by, updated_by) VALUES (101, 'content-manager', 'content-types', 'updatecontenttypeconfiguration', 0, '', 1, NULL, NULL);
INSERT INTO "users-permissions_permission" (id, type, controller, "action", enabled, policy, role, created_by, updated_by) VALUES (102, 'content-manager', 'content-types', 'updatecontenttypeconfiguration', 0, '', 2, NULL, NULL);
INSERT INTO "users-permissions_permission" (id, type, controller, "action", enabled, policy, role, created_by, updated_by) VALUES (103, 'content-manager', 'relations', 'find', 0, '', 1, NULL, NULL);
INSERT INTO "users-permissions_permission" (id, type, controller, "action", enabled, policy, role, created_by, updated_by) VALUES (104, 'content-manager', 'relations', 'find', 0, '', 2, NULL, NULL);
INSERT INTO "users-permissions_permission" (id, type, controller, "action", enabled, policy, role, created_by, updated_by) VALUES (105, 'content-manager', 'single-types', 'createorupdate', 0, '', 1, NULL, NULL);
INSERT INTO "users-permissions_permission" (id, type, controller, "action", enabled, policy, role, created_by, updated_by) VALUES (106, 'content-manager', 'single-types', 'createorupdate', 0, '', 2, NULL, NULL);
INSERT INTO "users-permissions_permission" (id, type, controller, "action", enabled, policy, role, created_by, updated_by) VALUES (107, 'content-manager', 'single-types', 'delete', 0, '', 1, NULL, NULL);
INSERT INTO "users-permissions_permission" (id, type, controller, "action", enabled, policy, role, created_by, updated_by) VALUES (108, 'content-manager', 'single-types', 'delete', 0, '', 2, NULL, NULL);
INSERT INTO "users-permissions_permission" (id, type, controller, "action", enabled, policy, role, created_by, updated_by) VALUES (109, 'content-manager', 'single-types', 'find', 0, '', 1, NULL, NULL);
INSERT INTO "users-permissions_permission" (id, type, controller, "action", enabled, policy, role, created_by, updated_by) VALUES (110, 'content-manager', 'single-types', 'find', 0, '', 2, NULL, NULL);
INSERT INTO "users-permissions_permission" (id, type, controller, "action", enabled, policy, role, created_by, updated_by) VALUES (111, 'content-manager', 'single-types', 'publish', 0, '', 1, NULL, NULL);
INSERT INTO "users-permissions_permission" (id, type, controller, "action", enabled, policy, role, created_by, updated_by) VALUES (112, 'content-manager', 'single-types', 'publish', 0, '', 2, NULL, NULL);
INSERT INTO "users-permissions_permission" (id, type, controller, "action", enabled, policy, role, created_by, updated_by) VALUES (113, 'content-manager', 'single-types', 'unpublish', 0, '', 1, NULL, NULL);
INSERT INTO "users-permissions_permission" (id, type, controller, "action", enabled, policy, role, created_by, updated_by) VALUES (114, 'content-manager', 'single-types', 'unpublish', 0, '', 2, NULL, NULL);
INSERT INTO "users-permissions_permission" (id, type, controller, "action", enabled, policy, role, created_by, updated_by) VALUES (115, 'content-manager', 'uid', 'checkuidavailability', 0, '', 1, NULL, NULL);
INSERT INTO "users-permissions_permission" (id, type, controller, "action", enabled, policy, role, created_by, updated_by) VALUES (116, 'content-manager', 'uid', 'checkuidavailability', 0, '', 2, NULL, NULL);
INSERT INTO "users-permissions_permission" (id, type, controller, "action", enabled, policy, role, created_by, updated_by) VALUES (117, 'content-manager', 'uid', 'generateuid', 0, '', 1, NULL, NULL);
INSERT INTO "users-permissions_permission" (id, type, controller, "action", enabled, policy, role, created_by, updated_by) VALUES (118, 'content-manager', 'uid', 'generateuid', 0, '', 2, NULL, NULL);
INSERT INTO "users-permissions_permission" (id, type, controller, "action", enabled, policy, role, created_by, updated_by) VALUES (119, 'content-type-builder', 'builder', 'getreservednames', 0, '', 1, NULL, NULL);
INSERT INTO "users-permissions_permission" (id, type, controller, "action", enabled, policy, role, created_by, updated_by) VALUES (120, 'content-type-builder', 'builder', 'getreservednames', 0, '', 2, NULL, NULL);
INSERT INTO "users-permissions_permission" (id, type, controller, "action", enabled, policy, role, created_by, updated_by) VALUES (121, 'content-type-builder', 'componentcategories', 'deletecategory', 0, '', 1, NULL, NULL);
INSERT INTO "users-permissions_permission" (id, type, controller, "action", enabled, policy, role, created_by, updated_by) VALUES (122, 'content-type-builder', 'componentcategories', 'deletecategory', 0, '', 2, NULL, NULL);
INSERT INTO "users-permissions_permission" (id, type, controller, "action", enabled, policy, role, created_by, updated_by) VALUES (123, 'content-type-builder', 'componentcategories', 'editcategory', 0, '', 1, NULL, NULL);
INSERT INTO "users-permissions_permission" (id, type, controller, "action", enabled, policy, role, created_by, updated_by) VALUES (124, 'content-type-builder', 'componentcategories', 'editcategory', 0, '', 2, NULL, NULL);
INSERT INTO "users-permissions_permission" (id, type, controller, "action", enabled, policy, role, created_by, updated_by) VALUES (125, 'content-type-builder', 'components', 'createcomponent', 0, '', 1, NULL, NULL);
INSERT INTO "users-permissions_permission" (id, type, controller, "action", enabled, policy, role, created_by, updated_by) VALUES (126, 'content-type-builder', 'components', 'createcomponent', 0, '', 2, NULL, NULL);
INSERT INTO "users-permissions_permission" (id, type, controller, "action", enabled, policy, role, created_by, updated_by) VALUES (127, 'content-type-builder', 'components', 'deletecomponent', 0, '', 1, NULL, NULL);
INSERT INTO "users-permissions_permission" (id, type, controller, "action", enabled, policy, role, created_by, updated_by) VALUES (128, 'content-type-builder', 'components', 'deletecomponent', 0, '', 2, NULL, NULL);
INSERT INTO "users-permissions_permission" (id, type, controller, "action", enabled, policy, role, created_by, updated_by) VALUES (129, 'content-type-builder', 'components', 'getcomponent', 0, '', 1, NULL, NULL);
INSERT INTO "users-permissions_permission" (id, type, controller, "action", enabled, policy, role, created_by, updated_by) VALUES (130, 'content-type-builder', 'components', 'getcomponent', 0, '', 2, NULL, NULL);
INSERT INTO "users-permissions_permission" (id, type, controller, "action", enabled, policy, role, created_by, updated_by) VALUES (131, 'content-type-builder', 'components', 'getcomponents', 0, '', 1, NULL, NULL);
INSERT INTO "users-permissions_permission" (id, type, controller, "action", enabled, policy, role, created_by, updated_by) VALUES (132, 'content-type-builder', 'components', 'getcomponents', 0, '', 2, NULL, NULL);
INSERT INTO "users-permissions_permission" (id, type, controller, "action", enabled, policy, role, created_by, updated_by) VALUES (133, 'content-type-builder', 'components', 'updatecomponent', 0, '', 1, NULL, NULL);
INSERT INTO "users-permissions_permission" (id, type, controller, "action", enabled, policy, role, created_by, updated_by) VALUES (134, 'content-type-builder', 'components', 'updatecomponent', 0, '', 2, NULL, NULL);
INSERT INTO "users-permissions_permission" (id, type, controller, "action", enabled, policy, role, created_by, updated_by) VALUES (135, 'content-type-builder', 'connections', 'getconnections', 0, '', 1, NULL, NULL);
INSERT INTO "users-permissions_permission" (id, type, controller, "action", enabled, policy, role, created_by, updated_by) VALUES (136, 'content-type-builder', 'connections', 'getconnections', 0, '', 2, NULL, NULL);
INSERT INTO "users-permissions_permission" (id, type, controller, "action", enabled, policy, role, created_by, updated_by) VALUES (137, 'content-type-builder', 'contenttypes', 'createcontenttype', 0, '', 1, NULL, NULL);
INSERT INTO "users-permissions_permission" (id, type, controller, "action", enabled, policy, role, created_by, updated_by) VALUES (138, 'content-type-builder', 'contenttypes', 'createcontenttype', 0, '', 2, NULL, NULL);
INSERT INTO "users-permissions_permission" (id, type, controller, "action", enabled, policy, role, created_by, updated_by) VALUES (139, 'content-type-builder', 'contenttypes', 'deletecontenttype', 0, '', 1, NULL, NULL);
INSERT INTO "users-permissions_permission" (id, type, controller, "action", enabled, policy, role, created_by, updated_by) VALUES (140, 'content-type-builder', 'contenttypes', 'deletecontenttype', 0, '', 2, NULL, NULL);
INSERT INTO "users-permissions_permission" (id, type, controller, "action", enabled, policy, role, created_by, updated_by) VALUES (141, 'content-type-builder', 'contenttypes', 'getcontenttype', 0, '', 1, NULL, NULL);
INSERT INTO "users-permissions_permission" (id, type, controller, "action", enabled, policy, role, created_by, updated_by) VALUES (142, 'content-type-builder', 'contenttypes', 'getcontenttype', 0, '', 2, NULL, NULL);
INSERT INTO "users-permissions_permission" (id, type, controller, "action", enabled, policy, role, created_by, updated_by) VALUES (143, 'content-type-builder', 'contenttypes', 'getcontenttypes', 0, '', 1, NULL, NULL);
INSERT INTO "users-permissions_permission" (id, type, controller, "action", enabled, policy, role, created_by, updated_by) VALUES (144, 'content-type-builder', 'contenttypes', 'getcontenttypes', 0, '', 2, NULL, NULL);
INSERT INTO "users-permissions_permission" (id, type, controller, "action", enabled, policy, role, created_by, updated_by) VALUES (145, 'content-type-builder', 'contenttypes', 'updatecontenttype', 0, '', 1, NULL, NULL);
INSERT INTO "users-permissions_permission" (id, type, controller, "action", enabled, policy, role, created_by, updated_by) VALUES (146, 'content-type-builder', 'contenttypes', 'updatecontenttype', 0, '', 2, NULL, NULL);
INSERT INTO "users-permissions_permission" (id, type, controller, "action", enabled, policy, role, created_by, updated_by) VALUES (147, 'email', 'email', 'getsettings', 0, '', 1, NULL, NULL);
INSERT INTO "users-permissions_permission" (id, type, controller, "action", enabled, policy, role, created_by, updated_by) VALUES (148, 'email', 'email', 'getsettings', 0, '', 2, NULL, NULL);
INSERT INTO "users-permissions_permission" (id, type, controller, "action", enabled, policy, role, created_by, updated_by) VALUES (149, 'email', 'email', 'send', 0, '', 1, NULL, NULL);
INSERT INTO "users-permissions_permission" (id, type, controller, "action", enabled, policy, role, created_by, updated_by) VALUES (150, 'email', 'email', 'send', 0, '', 2, NULL, NULL);
INSERT INTO "users-permissions_permission" (id, type, controller, "action", enabled, policy, role, created_by, updated_by) VALUES (151, 'email', 'email', 'test', 0, '', 1, NULL, NULL);
INSERT INTO "users-permissions_permission" (id, type, controller, "action", enabled, policy, role, created_by, updated_by) VALUES (152, 'email', 'email', 'test', 0, '', 2, NULL, NULL);
INSERT INTO "users-permissions_permission" (id, type, controller, "action", enabled, policy, role, created_by, updated_by) VALUES (153, 'i18n', 'content-types', 'getnonlocalizedattributes', 0, '', 1, NULL, NULL);
INSERT INTO "users-permissions_permission" (id, type, controller, "action", enabled, policy, role, created_by, updated_by) VALUES (154, 'i18n', 'content-types', 'getnonlocalizedattributes', 0, '', 2, NULL, NULL);
INSERT INTO "users-permissions_permission" (id, type, controller, "action", enabled, policy, role, created_by, updated_by) VALUES (155, 'i18n', 'iso-locales', 'listisolocales', 0, '', 1, NULL, NULL);
INSERT INTO "users-permissions_permission" (id, type, controller, "action", enabled, policy, role, created_by, updated_by) VALUES (156, 'i18n', 'iso-locales', 'listisolocales', 0, '', 2, NULL, NULL);
INSERT INTO "users-permissions_permission" (id, type, controller, "action", enabled, policy, role, created_by, updated_by) VALUES (157, 'i18n', 'locales', 'createlocale', 0, '', 1, NULL, NULL);
INSERT INTO "users-permissions_permission" (id, type, controller, "action", enabled, policy, role, created_by, updated_by) VALUES (158, 'i18n', 'locales', 'createlocale', 0, '', 2, NULL, NULL);
INSERT INTO "users-permissions_permission" (id, type, controller, "action", enabled, policy, role, created_by, updated_by) VALUES (159, 'i18n', 'locales', 'deletelocale', 0, '', 1, NULL, NULL);
INSERT INTO "users-permissions_permission" (id, type, controller, "action", enabled, policy, role, created_by, updated_by) VALUES (160, 'i18n', 'locales', 'deletelocale', 0, '', 2, NULL, NULL);
INSERT INTO "users-permissions_permission" (id, type, controller, "action", enabled, policy, role, created_by, updated_by) VALUES (161, 'i18n', 'locales', 'listlocales', 0, '', 1, NULL, NULL);
INSERT INTO "users-permissions_permission" (id, type, controller, "action", enabled, policy, role, created_by, updated_by) VALUES (162, 'i18n', 'locales', 'listlocales', 0, '', 2, NULL, NULL);
INSERT INTO "users-permissions_permission" (id, type, controller, "action", enabled, policy, role, created_by, updated_by) VALUES (163, 'i18n', 'locales', 'updatelocale', 0, '', 1, NULL, NULL);
INSERT INTO "users-permissions_permission" (id, type, controller, "action", enabled, policy, role, created_by, updated_by) VALUES (164, 'i18n', 'locales', 'updatelocale', 0, '', 2, NULL, NULL);
INSERT INTO "users-permissions_permission" (id, type, controller, "action", enabled, policy, role, created_by, updated_by) VALUES (165, 'import-export-content', 'import-export-content', 'exportitems', 0, '', 1, NULL, NULL);
INSERT INTO "users-permissions_permission" (id, type, controller, "action", enabled, policy, role, created_by, updated_by) VALUES (166, 'import-export-content', 'import-export-content', 'exportitems', 0, '', 2, NULL, NULL);
INSERT INTO "users-permissions_permission" (id, type, controller, "action", enabled, policy, role, created_by, updated_by) VALUES (167, 'import-export-content', 'import-export-content', 'importitems', 0, '', 1, NULL, NULL);
INSERT INTO "users-permissions_permission" (id, type, controller, "action", enabled, policy, role, created_by, updated_by) VALUES (168, 'import-export-content', 'import-export-content', 'importitems', 0, '', 2, NULL, NULL);
INSERT INTO "users-permissions_permission" (id, type, controller, "action", enabled, policy, role, created_by, updated_by) VALUES (169, 'import-export-content', 'import-export-content', 'index', 0, '', 1, NULL, NULL);
INSERT INTO "users-permissions_permission" (id, type, controller, "action", enabled, policy, role, created_by, updated_by) VALUES (170, 'import-export-content', 'import-export-content', 'index', 0, '', 2, NULL, NULL);
INSERT INTO "users-permissions_permission" (id, type, controller, "action", enabled, policy, role, created_by, updated_by) VALUES (171, 'import-export-content', 'import-export-content', 'preanalyzecontent', 0, '', 1, NULL, NULL);
INSERT INTO "users-permissions_permission" (id, type, controller, "action", enabled, policy, role, created_by, updated_by) VALUES (172, 'import-export-content', 'import-export-content', 'preanalyzecontent', 0, '', 2, NULL, NULL);
INSERT INTO "users-permissions_permission" (id, type, controller, "action", enabled, policy, role, created_by, updated_by) VALUES (173, 'upload', 'upload', 'count', 0, '', 1, NULL, NULL);
INSERT INTO "users-permissions_permission" (id, type, controller, "action", enabled, policy, role, created_by, updated_by) VALUES (174, 'upload', 'upload', 'count', 0, '', 2, NULL, NULL);
INSERT INTO "users-permissions_permission" (id, type, controller, "action", enabled, policy, role, created_by, updated_by) VALUES (175, 'upload', 'upload', 'destroy', 0, '', 1, NULL, NULL);
INSERT INTO "users-permissions_permission" (id, type, controller, "action", enabled, policy, role, created_by, updated_by) VALUES (176, 'upload', 'upload', 'destroy', 0, '', 2, NULL, NULL);
INSERT INTO "users-permissions_permission" (id, type, controller, "action", enabled, policy, role, created_by, updated_by) VALUES (177, 'upload', 'upload', 'find', 0, '', 1, NULL, NULL);
INSERT INTO "users-permissions_permission" (id, type, controller, "action", enabled, policy, role, created_by, updated_by) VALUES (178, 'upload', 'upload', 'find', 0, '', 2, NULL, NULL);
INSERT INTO "users-permissions_permission" (id, type, controller, "action", enabled, policy, role, created_by, updated_by) VALUES (179, 'upload', 'upload', 'findone', 0, '', 1, NULL, NULL);
INSERT INTO "users-permissions_permission" (id, type, controller, "action", enabled, policy, role, created_by, updated_by) VALUES (180, 'upload', 'upload', 'findone', 0, '', 2, NULL, NULL);
INSERT INTO "users-permissions_permission" (id, type, controller, "action", enabled, policy, role, created_by, updated_by) VALUES (181, 'upload', 'upload', 'getsettings', 0, '', 1, NULL, NULL);
INSERT INTO "users-permissions_permission" (id, type, controller, "action", enabled, policy, role, created_by, updated_by) VALUES (182, 'upload', 'upload', 'getsettings', 0, '', 2, NULL, NULL);
INSERT INTO "users-permissions_permission" (id, type, controller, "action", enabled, policy, role, created_by, updated_by) VALUES (183, 'upload', 'upload', 'search', 0, '', 1, NULL, NULL);
INSERT INTO "users-permissions_permission" (id, type, controller, "action", enabled, policy, role, created_by, updated_by) VALUES (184, 'upload', 'upload', 'search', 0, '', 2, NULL, NULL);
INSERT INTO "users-permissions_permission" (id, type, controller, "action", enabled, policy, role, created_by, updated_by) VALUES (185, 'upload', 'upload', 'updatesettings', 0, '', 1, NULL, NULL);
INSERT INTO "users-permissions_permission" (id, type, controller, "action", enabled, policy, role, created_by, updated_by) VALUES (186, 'upload', 'upload', 'updatesettings', 0, '', 2, NULL, NULL);
INSERT INTO "users-permissions_permission" (id, type, controller, "action", enabled, policy, role, created_by, updated_by) VALUES (187, 'upload', 'upload', 'upload', 0, '', 1, NULL, NULL);
INSERT INTO "users-permissions_permission" (id, type, controller, "action", enabled, policy, role, created_by, updated_by) VALUES (188, 'upload', 'upload', 'upload', 0, '', 2, NULL, NULL);
INSERT INTO "users-permissions_permission" (id, type, controller, "action", enabled, policy, role, created_by, updated_by) VALUES (189, 'users-permissions', 'auth', 'callback', 0, '', 1, NULL, NULL);
INSERT INTO "users-permissions_permission" (id, type, controller, "action", enabled, policy, role, created_by, updated_by) VALUES (190, 'users-permissions', 'auth', 'callback', 1, '', 2, NULL, NULL);
INSERT INTO "users-permissions_permission" (id, type, controller, "action", enabled, policy, role, created_by, updated_by) VALUES (191, 'users-permissions', 'auth', 'connect', 1, '', 1, NULL, NULL);
INSERT INTO "users-permissions_permission" (id, type, controller, "action", enabled, policy, role, created_by, updated_by) VALUES (192, 'users-permissions', 'auth', 'connect', 1, '', 2, NULL, NULL);
INSERT INTO "users-permissions_permission" (id, type, controller, "action", enabled, policy, role, created_by, updated_by) VALUES (193, 'users-permissions', 'auth', 'emailconfirmation', 0, '', 1, NULL, NULL);
INSERT INTO "users-permissions_permission" (id, type, controller, "action", enabled, policy, role, created_by, updated_by) VALUES (194, 'users-permissions', 'auth', 'emailconfirmation', 1, '', 2, NULL, NULL);
INSERT INTO "users-permissions_permission" (id, type, controller, "action", enabled, policy, role, created_by, updated_by) VALUES (195, 'users-permissions', 'auth', 'forgotpassword', 0, '', 1, NULL, NULL);
INSERT INTO "users-permissions_permission" (id, type, controller, "action", enabled, policy, role, created_by, updated_by) VALUES (196, 'users-permissions', 'auth', 'forgotpassword', 1, '', 2, NULL, NULL);
INSERT INTO "users-permissions_permission" (id, type, controller, "action", enabled, policy, role, created_by, updated_by) VALUES (197, 'users-permissions', 'auth', 'register', 0, '', 1, NULL, NULL);
INSERT INTO "users-permissions_permission" (id, type, controller, "action", enabled, policy, role, created_by, updated_by) VALUES (198, 'users-permissions', 'auth', 'register', 1, '', 2, NULL, NULL);
INSERT INTO "users-permissions_permission" (id, type, controller, "action", enabled, policy, role, created_by, updated_by) VALUES (199, 'users-permissions', 'auth', 'resetpassword', 0, '', 1, NULL, NULL);
INSERT INTO "users-permissions_permission" (id, type, controller, "action", enabled, policy, role, created_by, updated_by) VALUES (200, 'users-permissions', 'auth', 'resetpassword', 1, '', 2, NULL, NULL);
INSERT INTO "users-permissions_permission" (id, type, controller, "action", enabled, policy, role, created_by, updated_by) VALUES (201, 'users-permissions', 'auth', 'sendemailconfirmation', 0, '', 1, NULL, NULL);
INSERT INTO "users-permissions_permission" (id, type, controller, "action", enabled, policy, role, created_by, updated_by) VALUES (202, 'users-permissions', 'auth', 'sendemailconfirmation', 0, '', 2, NULL, NULL);
INSERT INTO "users-permissions_permission" (id, type, controller, "action", enabled, policy, role, created_by, updated_by) VALUES (203, 'users-permissions', 'user', 'count', 0, '', 1, NULL, NULL);
INSERT INTO "users-permissions_permission" (id, type, controller, "action", enabled, policy, role, created_by, updated_by) VALUES (204, 'users-permissions', 'user', 'count', 0, '', 2, NULL, NULL);
INSERT INTO "users-permissions_permission" (id, type, controller, "action", enabled, policy, role, created_by, updated_by) VALUES (205, 'users-permissions', 'user', 'create', 0, '', 1, NULL, NULL);
INSERT INTO "users-permissions_permission" (id, type, controller, "action", enabled, policy, role, created_by, updated_by) VALUES (206, 'users-permissions', 'user', 'create', 0, '', 2, NULL, NULL);
INSERT INTO "users-permissions_permission" (id, type, controller, "action", enabled, policy, role, created_by, updated_by) VALUES (207, 'users-permissions', 'user', 'destroy', 0, '', 1, NULL, NULL);
INSERT INTO "users-permissions_permission" (id, type, controller, "action", enabled, policy, role, created_by, updated_by) VALUES (208, 'users-permissions', 'user', 'destroy', 0, '', 2, NULL, NULL);
INSERT INTO "users-permissions_permission" (id, type, controller, "action", enabled, policy, role, created_by, updated_by) VALUES (209, 'users-permissions', 'user', 'destroyall', 0, '', 1, NULL, NULL);
INSERT INTO "users-permissions_permission" (id, type, controller, "action", enabled, policy, role, created_by, updated_by) VALUES (210, 'users-permissions', 'user', 'destroyall', 0, '', 2, NULL, NULL);
INSERT INTO "users-permissions_permission" (id, type, controller, "action", enabled, policy, role, created_by, updated_by) VALUES (211, 'users-permissions', 'user', 'find', 0, '', 1, NULL, NULL);
INSERT INTO "users-permissions_permission" (id, type, controller, "action", enabled, policy, role, created_by, updated_by) VALUES (212, 'users-permissions', 'user', 'find', 0, '', 2, NULL, NULL);
INSERT INTO "users-permissions_permission" (id, type, controller, "action", enabled, policy, role, created_by, updated_by) VALUES (213, 'users-permissions', 'user', 'findone', 0, '', 1, NULL, NULL);
INSERT INTO "users-permissions_permission" (id, type, controller, "action", enabled, policy, role, created_by, updated_by) VALUES (214, 'users-permissions', 'user', 'findone', 0, '', 2, NULL, NULL);
INSERT INTO "users-permissions_permission" (id, type, controller, "action", enabled, policy, role, created_by, updated_by) VALUES (215, 'users-permissions', 'user', 'me', 1, '', 1, NULL, NULL);
INSERT INTO "users-permissions_permission" (id, type, controller, "action", enabled, policy, role, created_by, updated_by) VALUES (216, 'users-permissions', 'user', 'me', 1, '', 2, NULL, NULL);
INSERT INTO "users-permissions_permission" (id, type, controller, "action", enabled, policy, role, created_by, updated_by) VALUES (217, 'users-permissions', 'user', 'update', 0, '', 1, NULL, NULL);
INSERT INTO "users-permissions_permission" (id, type, controller, "action", enabled, policy, role, created_by, updated_by) VALUES (218, 'users-permissions', 'user', 'update', 0, '', 2, NULL, NULL);
INSERT INTO "users-permissions_permission" (id, type, controller, "action", enabled, policy, role, created_by, updated_by) VALUES (219, 'users-permissions', 'userspermissions', 'createrole', 0, '', 1, NULL, NULL);
INSERT INTO "users-permissions_permission" (id, type, controller, "action", enabled, policy, role, created_by, updated_by) VALUES (220, 'users-permissions', 'userspermissions', 'createrole', 0, '', 2, NULL, NULL);
INSERT INTO "users-permissions_permission" (id, type, controller, "action", enabled, policy, role, created_by, updated_by) VALUES (221, 'users-permissions', 'userspermissions', 'deleterole', 0, '', 1, NULL, NULL);
INSERT INTO "users-permissions_permission" (id, type, controller, "action", enabled, policy, role, created_by, updated_by) VALUES (222, 'users-permissions', 'userspermissions', 'deleterole', 0, '', 2, NULL, NULL);
INSERT INTO "users-permissions_permission" (id, type, controller, "action", enabled, policy, role, created_by, updated_by) VALUES (223, 'users-permissions', 'userspermissions', 'getadvancedsettings', 0, '', 1, NULL, NULL);
INSERT INTO "users-permissions_permission" (id, type, controller, "action", enabled, policy, role, created_by, updated_by) VALUES (224, 'users-permissions', 'userspermissions', 'getadvancedsettings', 0, '', 2, NULL, NULL);
INSERT INTO "users-permissions_permission" (id, type, controller, "action", enabled, policy, role, created_by, updated_by) VALUES (225, 'users-permissions', 'userspermissions', 'getemailtemplate', 0, '', 1, NULL, NULL);
INSERT INTO "users-permissions_permission" (id, type, controller, "action", enabled, policy, role, created_by, updated_by) VALUES (226, 'users-permissions', 'userspermissions', 'getemailtemplate', 0, '', 2, NULL, NULL);
INSERT INTO "users-permissions_permission" (id, type, controller, "action", enabled, policy, role, created_by, updated_by) VALUES (227, 'users-permissions', 'userspermissions', 'getpermissions', 0, '', 1, NULL, NULL);
INSERT INTO "users-permissions_permission" (id, type, controller, "action", enabled, policy, role, created_by, updated_by) VALUES (228, 'users-permissions', 'userspermissions', 'getpermissions', 0, '', 2, NULL, NULL);
INSERT INTO "users-permissions_permission" (id, type, controller, "action", enabled, policy, role, created_by, updated_by) VALUES (229, 'users-permissions', 'userspermissions', 'getpolicies', 0, '', 1, NULL, NULL);
INSERT INTO "users-permissions_permission" (id, type, controller, "action", enabled, policy, role, created_by, updated_by) VALUES (230, 'users-permissions', 'userspermissions', 'getpolicies', 0, '', 2, NULL, NULL);
INSERT INTO "users-permissions_permission" (id, type, controller, "action", enabled, policy, role, created_by, updated_by) VALUES (231, 'users-permissions', 'userspermissions', 'getproviders', 0, '', 1, NULL, NULL);
INSERT INTO "users-permissions_permission" (id, type, controller, "action", enabled, policy, role, created_by, updated_by) VALUES (232, 'users-permissions', 'userspermissions', 'getproviders', 0, '', 2, NULL, NULL);
INSERT INTO "users-permissions_permission" (id, type, controller, "action", enabled, policy, role, created_by, updated_by) VALUES (233, 'users-permissions', 'userspermissions', 'getrole', 0, '', 1, NULL, NULL);
INSERT INTO "users-permissions_permission" (id, type, controller, "action", enabled, policy, role, created_by, updated_by) VALUES (234, 'users-permissions', 'userspermissions', 'getrole', 0, '', 2, NULL, NULL);
INSERT INTO "users-permissions_permission" (id, type, controller, "action", enabled, policy, role, created_by, updated_by) VALUES (235, 'users-permissions', 'userspermissions', 'getroles', 0, '', 1, NULL, NULL);
INSERT INTO "users-permissions_permission" (id, type, controller, "action", enabled, policy, role, created_by, updated_by) VALUES (236, 'users-permissions', 'userspermissions', 'getroles', 0, '', 2, NULL, NULL);
INSERT INTO "users-permissions_permission" (id, type, controller, "action", enabled, policy, role, created_by, updated_by) VALUES (237, 'users-permissions', 'userspermissions', 'getroutes', 0, '', 1, NULL, NULL);
INSERT INTO "users-permissions_permission" (id, type, controller, "action", enabled, policy, role, created_by, updated_by) VALUES (238, 'users-permissions', 'userspermissions', 'getroutes', 0, '', 2, NULL, NULL);
INSERT INTO "users-permissions_permission" (id, type, controller, "action", enabled, policy, role, created_by, updated_by) VALUES (239, 'users-permissions', 'userspermissions', 'index', 0, '', 1, NULL, NULL);
INSERT INTO "users-permissions_permission" (id, type, controller, "action", enabled, policy, role, created_by, updated_by) VALUES (240, 'users-permissions', 'userspermissions', 'index', 0, '', 2, NULL, NULL);
INSERT INTO "users-permissions_permission" (id, type, controller, "action", enabled, policy, role, created_by, updated_by) VALUES (241, 'users-permissions', 'userspermissions', 'searchusers', 0, '', 1, NULL, NULL);
INSERT INTO "users-permissions_permission" (id, type, controller, "action", enabled, policy, role, created_by, updated_by) VALUES (242, 'users-permissions', 'userspermissions', 'searchusers', 0, '', 2, NULL, NULL);
INSERT INTO "users-permissions_permission" (id, type, controller, "action", enabled, policy, role, created_by, updated_by) VALUES (243, 'users-permissions', 'userspermissions', 'updateadvancedsettings', 0, '', 1, NULL, NULL);
INSERT INTO "users-permissions_permission" (id, type, controller, "action", enabled, policy, role, created_by, updated_by) VALUES (244, 'users-permissions', 'userspermissions', 'updateadvancedsettings', 0, '', 2, NULL, NULL);
INSERT INTO "users-permissions_permission" (id, type, controller, "action", enabled, policy, role, created_by, updated_by) VALUES (245, 'users-permissions', 'userspermissions', 'updateemailtemplate', 0, '', 1, NULL, NULL);
INSERT INTO "users-permissions_permission" (id, type, controller, "action", enabled, policy, role, created_by, updated_by) VALUES (246, 'users-permissions', 'userspermissions', 'updateemailtemplate', 0, '', 2, NULL, NULL);
INSERT INTO "users-permissions_permission" (id, type, controller, "action", enabled, policy, role, created_by, updated_by) VALUES (247, 'users-permissions', 'userspermissions', 'updateproviders', 0, '', 1, NULL, NULL);
INSERT INTO "users-permissions_permission" (id, type, controller, "action", enabled, policy, role, created_by, updated_by) VALUES (248, 'users-permissions', 'userspermissions', 'updateproviders', 0, '', 2, NULL, NULL);
INSERT INTO "users-permissions_permission" (id, type, controller, "action", enabled, policy, role, created_by, updated_by) VALUES (249, 'users-permissions', 'userspermissions', 'updaterole', 0, '', 1, NULL, NULL);
INSERT INTO "users-permissions_permission" (id, type, controller, "action", enabled, policy, role, created_by, updated_by) VALUES (250, 'users-permissions', 'userspermissions', 'updaterole', 0, '', 2, NULL, NULL);

-- Table : users-permissions_role
CREATE TABLE `users-permissions_role` (`id` integer not null primary key autoincrement, `name` varchar(255) not null, `description` varchar(255) null, `type` varchar(255) null, `created_by` integer null, `updated_by` integer null);
INSERT INTO "users-permissions_role" (id, name, description, type, created_by, updated_by) VALUES (1, 'Authenticated', 'Default role given to authenticated user.', 'authenticated', NULL, NULL);
INSERT INTO "users-permissions_role" (id, name, description, type, created_by, updated_by) VALUES (2, 'Public', 'Default role given to unauthenticated user.', 'public', NULL, NULL);

-- Table : users-permissions_user
CREATE TABLE `users-permissions_user` (`id` integer not null primary key autoincrement, `username` varchar(255) not null, `email` varchar(255) not null, `provider` varchar(255) null, `password` varchar(255) null, `resetPasswordToken` varchar(255) null, `confirmationToken` varchar(255) null, `confirmed` boolean null, `blocked` boolean null, `role` integer null, `created_by` integer null, `updated_by` integer null, `created_at` datetime null default CURRENT_TIMESTAMP, `updated_at` datetime null default CURRENT_TIMESTAMP);

-- Table : writers
CREATE TABLE `writers` (`id` integer not null primary key autoincrement, `name` varchar(255) null, `email` varchar(255) null, `published_at` datetime null, `created_by` integer null, `updated_by` integer null, `created_at` datetime null default CURRENT_TIMESTAMP, `updated_at` datetime null default CURRENT_TIMESTAMP);
INSERT INTO writers (id, name, email, published_at, created_by, updated_by, created_at, updated_at) VALUES (1, 'David Doe', 'daviddoe@strapi.io', 1635462766174, 1, 1, 1635462592530, 1635462766197);
INSERT INTO writers (id, name, email, published_at, created_by, updated_by, created_at, updated_at) VALUES (2, 'Sarah Baker', 'sarahbaker@strapi.io', 1635462772171, 1, 1, 1635462592572, 1635462772190);

-- Index : articles_slug_unique
CREATE UNIQUE INDEX `articles_slug_unique` on `articles` (`slug`);

-- Index : categories_slug_unique
CREATE UNIQUE INDEX `categories_slug_unique` on `categories` (`slug`);

-- Index : i18n_locales_code_unique
CREATE UNIQUE INDEX `i18n_locales_code_unique` on `i18n_locales` (`code`);

-- Index : strapi_administrator_email_unique
CREATE UNIQUE INDEX `strapi_administrator_email_unique` on `strapi_administrator` (`email`);

-- Index : strapi_role_code_unique
CREATE UNIQUE INDEX `strapi_role_code_unique` on `strapi_role` (`code`);

-- Index : strapi_role_name_unique
CREATE UNIQUE INDEX `strapi_role_name_unique` on `strapi_role` (`name`);

-- Index : users-permissions_role_type_unique
CREATE UNIQUE INDEX `users-permissions_role_type_unique` on `users-permissions_role` (`type`);

-- Index : users-permissions_user_username_unique
CREATE UNIQUE INDEX `users-permissions_user_username_unique` on `users-permissions_user` (`username`);

COMMIT TRANSACTION;
PRAGMA foreign_keys = on;
